scenario,method,queries,train_pair_count,test_pair_count,precision_at_k_mean,recall_at_k_mean,ndcg_at_k_mean,coverage_mean,relevant_lost_to_filter_mean,candidate_generation_seconds_mean,model_ranking_seconds_mean,training_seconds_mean,relevant_lost_to_hard_filter_mean
balanced,distance_destination,20,804,402,0.6833333333333333,0.3516666666666667,0.738268031849431,0.5,2.75,0.01003686500043841,,,2.75
balanced,ml_logistic,20,804,402,0.7833333333333333,0.4091666666666667,0.7969278726022756,0.5,2.75,0.01003686500043841,3.378999826963991e-05,2.412719099986134,2.75
balanced,route_time,20,804,402,0.7833333333333333,0.4008928571428571,0.8234639363011379,0.5,2.75,0.01003686500043841,,,2.75
dense,distance_destination,20,804,402,0.5666666666666667,0.23964646464646466,0.5617319681505688,0.5,3.55,0.013975474993640092,,,3.55
dense,ml_logistic,20,804,402,0.6,0.2613131313131313,0.6234639363011378,0.5,3.55,0.013975474993640092,6.361499545164407e-05,2.412719099986134,3.55
dense,route_time,20,804,402,0.5833333333333333,0.2452020202020202,0.5622885095908974,0.5,3.55,0.013975474993640092,,,3.55
thin,distance_destination,20,804,402,0.15,0.5666666666666667,0.42658171427961356,0.525,0.35,0.0029380349937127904,,,0.35
thin,ml_logistic,20,804,402,0.15,0.5666666666666667,0.40912441380341924,0.525,0.35,0.0029380349937127904,1.9455002620816232e-05,2.412719099986134,0.35
thin,route_time,20,804,402,0.16666666666666666,0.6333333333333333,0.5178530640415164,0.525,0.35,0.0029380349937127904,,,0.35
