query_id,seed,scenario,method,ranking,train_pair_count,test_pair_count,pre_filter_heldout_relevant_count,relevant_lost_to_hard_filter,precision_at_k,recall_at_k,ndcg_at_k,coverage,candidate_count,eligible_count,relevant_count,relevant_lost_to_filter,zero_relevant
syn-303-thin-000,303,thin,ml_logistic,"[""syn-303-thin-000-d002"", ""syn-303-thin-000-d001"", ""syn-303-thin-000-d003"", ""syn-303-thin-000-d000""]",804,402,1,0,0.3333333333333333,1.0,0.6309297535714575,1.0,4,4,1,0,False
syn-303-thin-000,303,thin,route_time,"[""syn-303-thin-000-d002"", ""syn-303-thin-000-d001"", ""syn-303-thin-000-d003"", ""syn-303-thin-000-d000""]",804,402,1,0,0.3333333333333333,1.0,0.6309297535714575,1.0,4,4,1,0,False
syn-303-thin-000,303,thin,distance_destination,"[""syn-303-thin-000-d002"", ""syn-303-thin-000-d001"", ""syn-303-thin-000-d000"", ""syn-303-thin-000-d003""]",804,402,1,0,0.3333333333333333,1.0,0.6309297535714575,1.0,4,4,1,0,False
syn-303-thin-001,303,thin,ml_logistic,"[""syn-303-thin-001-d001"", ""syn-303-thin-001-d003"", ""syn-303-thin-001-d002"", ""syn-303-thin-001-d000""]",804,402,1,0,0.3333333333333333,1.0,1.0,1.0,4,4,1,0,False
syn-303-thin-001,303,thin,route_time,"[""syn-303-thin-001-d001"", ""syn-303-thin-001-d003"", ""syn-303-thin-001-d002"", ""syn-303-thin-001-d000""]",804,402,1,0,0.3333333333333333,1.0,1.0,1.0,4,4,1,0,False
syn-303-thin-001,303,thin,distance_destination,"[""syn-303-thin-001-d003"", ""syn-303-thin-001-d002"", ""syn-303-thin-001-d000"", ""syn-303-thin-001-d001""]",804,402,1,0,0.0,0.0,0.0,1.0,4,4,1,0,False
syn-303-thin-002,303,thin,ml_logistic,"[""syn-303-thin-002-d000"", ""syn-303-thin-002-d002"", ""syn-303-thin-002-d001"", ""syn-303-thin-002-d003""]",804,402,1,0,0.3333333333333333,1.0,0.5,1.0,4,4,1,0,False
syn-303-thin-002,303,thin,route_time,"[""syn-303-thin-002-d000"", ""syn-303-thin-002-d001"", ""syn-303-thin-002-d002"", ""syn-303-thin-002-d003""]",804,402,1,0,0.3333333333333333,1.0,0.6309297535714575,1.0,4,4,1,0,False
syn-303-thin-002,303,thin,distance_destination,"[""syn-303-thin-002-d000"", ""syn-303-thin-002-d001"", ""syn-303-thin-002-d002"", ""syn-303-thin-002-d003""]",804,402,1,0,0.3333333333333333,1.0,0.6309297535714575,1.0,4,4,1,0,False
syn-303-thin-003,303,thin,ml_logistic,"[""syn-303-thin-003-d002"", ""syn-303-thin-003-d000"", ""syn-303-thin-003-d001""]",804,402,1,0,0.3333333333333333,1.0,0.5,0.75,4,3,1,0,False
syn-303-thin-003,303,thin,route_time,"[""syn-303-thin-003-d001"", ""syn-303-thin-003-d000"", ""syn-303-thin-003-d002""]",804,402,1,0,0.3333333333333333,1.0,1.0,0.75,4,3,1,0,False
syn-303-thin-003,303,thin,distance_destination,"[""syn-303-thin-003-d001"", ""syn-303-thin-003-d002"", ""syn-303-thin-003-d000""]",804,402,1,0,0.3333333333333333,1.0,1.0,0.75,4,3,1,0,False
syn-303-thin-004,303,thin,ml_logistic,"[""syn-303-thin-004-d000"", ""syn-303-thin-004-d001""]",804,402,1,0,0.3333333333333333,1.0,0.6309297535714575,0.5,4,2,1,0,False
syn-303-thin-004,303,thin,route_time,"[""syn-303-thin-004-d000"", ""syn-303-thin-004-d001""]",804,402,1,0,0.3333333333333333,1.0,0.6309297535714575,0.5,4,2,1,0,False
syn-303-thin-004,303,thin,distance_destination,"[""syn-303-thin-004-d000"", ""syn-303-thin-004-d001""]",804,402,1,0,0.3333333333333333,1.0,0.6309297535714575,0.5,4,2,1,0,False
syn-303-thin-005,303,thin,ml_logistic,"[""syn-303-thin-005-d000""]",804,402,1,1,0.0,0.0,0.0,0.25,4,1,1,1,False
syn-303-thin-005,303,thin,route_time,"[""syn-303-thin-005-d000""]",804,402,1,1,0.0,0.0,0.0,0.25,4,1,1,1,False
syn-303-thin-005,303,thin,distance_destination,"[""syn-303-thin-005-d000""]",804,402,1,1,0.0,0.0,0.0,0.25,4,1,1,1,False
syn-303-thin-006,303,thin,ml_logistic,[],804,402,0,0,0.0,,,0.0,4,0,0,0,True
syn-303-thin-006,303,thin,route_time,[],804,402,0,0,0.0,,,0.0,4,0,0,0,True
syn-303-thin-006,303,thin,distance_destination,[],804,402,0,0,0.0,,,0.0,4,0,0,0,True
syn-303-thin-007,303,thin,ml_logistic,[],804,402,1,1,0.0,0.0,0.0,0.0,4,0,1,1,False
syn-303-thin-007,303,thin,route_time,[],804,402,1,1,0.0,0.0,0.0,0.0,4,0,1,1,False
syn-303-thin-007,303,thin,distance_destination,[],804,402,1,1,0.0,0.0,0.0,0.0,4,0,1,1,False
syn-303-thin-008,303,thin,ml_logistic,[],804,402,0,0,0.0,,,0.0,4,0,0,0,True
syn-303-thin-008,303,thin,route_time,[],804,402,0,0,0.0,,,0.0,4,0,0,0,True
syn-303-thin-008,303,thin,distance_destination,[],804,402,0,0,0.0,,,0.0,4,0,0,0,True
syn-303-thin-009,303,thin,ml_logistic,"[""syn-303-thin-009-d003""]",804,402,2,1,0.3333333333333333,0.5,0.6131471927654584,0.25,4,1,2,1,False
syn-303-thin-009,303,thin,route_time,"[""syn-303-thin-009-d003""]",804,402,2,1,0.3333333333333333,0.5,0.6131471927654584,0.25,4,1,2,1,False
syn-303-thin-009,303,thin,distance_destination,"[""syn-303-thin-009-d003""]",804,402,2,1,0.3333333333333333,0.5,0.6131471927654584,0.25,4,1,2,1,False
syn-303-thin-010,303,thin,ml_logistic,"[""syn-303-thin-010-d002"", ""syn-303-thin-010-d003""]",804,402,1,1,0.0,0.0,0.0,0.5,4,2,1,1,False
syn-303-thin-010,303,thin,route_time,"[""syn-303-thin-010-d002"", ""syn-303-thin-010-d003""]",804,402,1,1,0.0,0.0,0.0,0.5,4,2,1,1,False
syn-303-thin-010,303,thin,distance_destination,"[""syn-303-thin-010-d002"", ""syn-303-thin-010-d003""]",804,402,1,1,0.0,0.0,0.0,0.5,4,2,1,1,False
syn-303-thin-011,303,thin,ml_logistic,"[""syn-303-thin-011-d001"", ""syn-303-thin-011-d003"", ""syn-303-thin-011-d002""]",804,402,1,0,0.3333333333333333,1.0,1.0,0.75,4,3,1,0,False
syn-303-thin-011,303,thin,route_time,"[""syn-303-thin-011-d001"", ""syn-303-thin-011-d003"", ""syn-303-thin-011-d002""]",804,402,1,0,0.3333333333333333,1.0,1.0,0.75,4,3,1,0,False
syn-303-thin-011,303,thin,distance_destination,"[""syn-303-thin-011-d003"", ""syn-303-thin-011-d001"", ""syn-303-thin-011-d002""]",804,402,1,0,0.3333333333333333,1.0,0.6309297535714575,0.75,4,3,1,0,False
syn-303-thin-012,303,thin,ml_logistic,"[""syn-303-thin-012-d002"", ""syn-303-thin-012-d000"", ""syn-303-thin-012-d003"", ""syn-303-thin-012-d001""]",804,402,1,0,0.0,0.0,0.0,1.0,4,4,1,0,False
syn-303-thin-012,303,thin,route_time,"[""syn-303-thin-012-d002"", ""syn-303-thin-012-d001"", ""syn-303-thin-012-d000"", ""syn-303-thin-012-d003""]",804,402,1,0,0.3333333333333333,1.0,0.6309297535714575,1.0,4,4,1,0,False
syn-303-thin-012,303,thin,distance_destination,"[""syn-303-thin-012-d002"", ""syn-303-thin-012-d001"", ""syn-303-thin-012-d000"", ""syn-303-thin-012-d003""]",804,402,1,0,0.3333333333333333,1.0,0.6309297535714575,1.0,4,4,1,0,False
syn-303-thin-013,303,thin,ml_logistic,"[""syn-303-thin-013-d000"", ""syn-303-thin-013-d002"", ""syn-303-thin-013-d001"", ""syn-303-thin-013-d003""]",804,402,0,0,0.0,,,1.0,4,4,0,0,True
syn-303-thin-013,303,thin,route_time,"[""syn-303-thin-013-d002"", ""syn-303-thin-013-d001"", ""syn-303-thin-013-d000"", ""syn-303-thin-013-d003""]",804,402,0,0,0.0,,,1.0,4,4,0,0,True
syn-303-thin-013,303,thin,distance_destination,"[""syn-303-thin-013-d001"", ""syn-303-thin-013-d002"", ""syn-303-thin-013-d003"", ""syn-303-thin-013-d000""]",804,402,0,0,0.0,,,1.0,4,4,0,0,True
syn-303-thin-014,303,thin,ml_logistic,"[""syn-303-thin-014-d000"", ""syn-303-thin-014-d002"", ""syn-303-thin-014-d001"", ""syn-303-thin-014-d003""]",804,402,0,0,0.0,,,1.0,4,4,0,0,True
syn-303-thin-014,303,thin,route_time,"[""syn-303-thin-014-d000"", ""syn-303-thin-014-d002"", ""syn-303-thin-014-d003"", ""syn-303-thin-014-d001""]",804,402,0,0,0.0,,,1.0,4,4,0,0,True
syn-303-thin-014,303,thin,distance_destination,"[""syn-303-thin-014-d000"", ""syn-303-thin-014-d002"", ""syn-303-thin-014-d001"", ""syn-303-thin-014-d003""]",804,402,0,0,0.0,,,1.0,4,4,0,0,True
syn-303-thin-015,303,thin,ml_logistic,"[""syn-303-thin-015-d002"", ""syn-303-thin-015-d001"", ""syn-303-thin-015-d000""]",804,402,1,0,0.3333333333333333,1.0,0.6309297535714575,0.75,4,3,1,0,False
syn-303-thin-015,303,thin,route_time,"[""syn-303-thin-015-d002"", ""syn-303-thin-015-d001"", ""syn-303-thin-015-d000""]",804,402,1,0,0.3333333333333333,1.0,0.6309297535714575,0.75,4,3,1,0,False
syn-303-thin-015,303,thin,distance_destination,"[""syn-303-thin-015-d002"", ""syn-303-thin-015-d001"", ""syn-303-thin-015-d000""]",804,402,1,0,0.3333333333333333,1.0,0.6309297535714575,0.75,4,3,1,0,False
syn-303-thin-016,303,thin,ml_logistic,"[""syn-303-thin-016-d000"", ""syn-303-thin-016-d001""]",804,402,1,0,0.3333333333333333,1.0,0.6309297535714575,0.5,4,2,1,0,False
syn-303-thin-016,303,thin,route_time,"[""syn-303-thin-016-d001"", ""syn-303-thin-016-d000""]",804,402,1,0,0.3333333333333333,1.0,1.0,0.5,4,2,1,0,False
syn-303-thin-016,303,thin,distance_destination,"[""syn-303-thin-016-d001"", ""syn-303-thin-016-d000""]",804,402,1,0,0.3333333333333333,1.0,1.0,0.5,4,2,1,0,False
syn-303-thin-017,303,thin,ml_logistic,"[""syn-303-thin-017-d000""]",804,402,2,2,0.0,0.0,0.0,0.25,4,1,2,2,False
syn-303-thin-017,303,thin,route_time,"[""syn-303-thin-017-d000""]",804,402,2,2,0.0,0.0,0.0,0.25,4,1,2,2,False
syn-303-thin-017,303,thin,distance_destination,"[""syn-303-thin-017-d000""]",804,402,2,2,0.0,0.0,0.0,0.25,4,1,2,2,False
syn-303-thin-018,303,thin,ml_logistic,[],804,402,0,0,0.0,,,0.0,4,0,0,0,True
syn-303-thin-018,303,thin,route_time,[],804,402,0,0,0.0,,,0.0,4,0,0,0,True
syn-303-thin-018,303,thin,distance_destination,[],804,402,0,0,0.0,,,0.0,4,0,0,0,True
syn-303-thin-019,303,thin,ml_logistic,[],804,402,1,1,0.0,0.0,0.0,0.0,4,0,1,1,False
syn-303-thin-019,303,thin,route_time,[],804,402,1,1,0.0,0.0,0.0,0.0,4,0,1,1,False
syn-303-thin-019,303,thin,distance_destination,[],804,402,1,1,0.0,0.0,0.0,0.0,4,0,1,1,False
syn-303-balanced-000,303,balanced,ml_logistic,"[""syn-303-balanced-000-d004"", ""syn-303-balanced-000-d005"", ""syn-303-balanced-000-d000"", ""syn-303-balanced-000-d003"", ""syn-303-balanced-000-d001"", ""syn-303-balanced-000-d002""]",804,402,6,3,0.6666666666666666,0.3333333333333333,0.7653606369886217,0.5,12,6,6,3,False
syn-303-balanced-000,303,balanced,route_time,"[""syn-303-balanced-000-d005"", ""syn-303-balanced-000-d004"", ""syn-303-balanced-000-d001"", ""syn-303-balanced-000-d003"", ""syn-303-balanced-000-d000"", ""syn-303-balanced-000-d002""]",804,402,6,3,1.0,0.5,1.0,0.5,12,6,6,3,False
syn-303-balanced-000,303,balanced,distance_destination,"[""syn-303-balanced-000-d004"", ""syn-303-balanced-000-d005"", ""syn-303-balanced-000-d003"", ""syn-303-balanced-000-d001"", ""syn-303-balanced-000-d002"", ""syn-303-balanced-000-d000""]",804,402,6,3,0.6666666666666666,0.3333333333333333,0.7653606369886217,0.5,12,6,6,3,False
syn-303-balanced-001,303,balanced,ml_logistic,"[""syn-303-balanced-001-d004"", ""syn-303-balanced-001-d002"", ""syn-303-balanced-001-d003"", ""syn-303-balanced-001-d011"", ""syn-303-balanced-001-d001"", ""syn-303-balanced-001-d000""]",804,402,4,2,0.6666666666666666,0.5,0.7653606369886217,0.5,12,6,4,2,False
syn-303-balanced-001,303,balanced,route_time,"[""syn-303-balanced-001-d002"", ""syn-303-balanced-001-d004"", ""syn-303-balanced-001-d003"", ""syn-303-balanced-001-d011"", ""syn-303-balanced-001-d001"", ""syn-303-balanced-001-d000""]",804,402,4,2,0.6666666666666666,0.5,0.7653606369886217,0.5,12,6,4,2,False
syn-303-balanced-001,303,balanced,distance_destination,"[""syn-303-balanced-001-d004"", ""syn-303-balanced-001-d002"", ""syn-303-balanced-001-d011"", ""syn-303-balanced-001-d001"", ""syn-303-balanced-001-d003"", ""syn-303-balanced-001-d000""]",804,402,4,2,0.6666666666666666,0.5,0.7653606369886217,0.5,12,6,4,2,False
syn-303-balanced-002,303,balanced,ml_logistic,"[""syn-303-balanced-002-d011"", ""syn-303-balanced-002-d001"", ""syn-303-balanced-002-d003"", ""syn-303-balanced-002-d000"", ""syn-303-balanced-002-d010"", ""syn-303-balanced-002-d002""]",804,402,5,3,0.6666666666666666,0.4,0.7653606369886217,0.5,12,6,5,3,False
syn-303-balanced-002,303,balanced,route_time,"[""syn-303-balanced-002-d001"", ""syn-303-balanced-002-d011"", ""syn-303-balanced-002-d003"", ""syn-303-balanced-002-d000"", ""syn-303-balanced-002-d010"", ""syn-303-balanced-002-d002""]",804,402,5,3,0.6666666666666666,0.4,0.7653606369886217,0.5,12,6,5,3,False
syn-303-balanced-002,303,balanced,distance_destination,"[""syn-303-balanced-002-d001"", ""syn-303-balanced-002-d011"", ""syn-303-balanced-002-d000"", ""syn-303-balanced-002-d003"", ""syn-303-balanced-002-d010"", ""syn-303-balanced-002-d002""]",804,402,5,3,0.6666666666666666,0.4,0.7653606369886217,0.5,12,6,5,3,False
syn-303-balanced-003,303,balanced,ml_logistic,"[""syn-303-balanced-003-d000"", ""syn-303-balanced-003-d002"", ""syn-303-balanced-003-d001"", ""syn-303-balanced-003-d011"", ""syn-303-balanced-003-d009"", ""syn-303-balanced-003-d010""]",804,402,5,2,1.0,0.6,1.0,0.5,12,6,5,2,False
syn-303-balanced-003,303,balanced,route_time,"[""syn-303-balanced-003-d000"", ""syn-303-balanced-003-d001"", ""syn-303-balanced-003-d011"", ""syn-303-balanced-003-d002"", ""syn-303-balanced-003-d009"", ""syn-303-balanced-003-d010""]",804,402,5,2,0.6666666666666666,0.4,0.7653606369886217,0.5,12,6,5,2,False
syn-303-balanced-003,303,balanced,distance_destination,"[""syn-303-balanced-003-d001"", ""syn-303-balanced-003-d011"", ""syn-303-balanced-003-d009"", ""syn-303-balanced-003-d000"", ""syn-303-balanced-003-d010"", ""syn-303-balanced-003-d002""]",804,402,5,2,0.3333333333333333,0.2,0.46927872602275644,0.5,12,6,5,2,False
syn-303-balanced-004,303,balanced,ml_logistic,"[""syn-303-balanced-004-d000"", ""syn-303-balanced-004-d010"", ""syn-303-balanced-004-d008"", ""syn-303-balanced-004-d009"", ""syn-303-balanced-004-d001"", ""syn-303-balanced-004-d011""]",804,402,6,2,1.0,0.5,1.0,0.5,12,6,6,2,False
syn-303-balanced-004,303,balanced,route_time,"[""syn-303-balanced-004-d000"", ""syn-303-balanced-004-d010"", ""syn-303-balanced-004-d008"", ""syn-303-balanced-004-d009"", ""syn-303-balanced-004-d001"", ""syn-303-balanced-004-d011""]",804,402,6,2,1.0,0.5,1.0,0.5,12,6,6,2,False
syn-303-balanced-004,303,balanced,distance_destination,"[""syn-303-balanced-004-d000"", ""syn-303-balanced-004-d010"", ""syn-303-balanced-004-d009"", ""syn-303-balanced-004-d008"", ""syn-303-balanced-004-d011"", ""syn-303-balanced-004-d001""]",804,402,6,2,1.0,0.5,1.0,0.5,12,6,6,2,False
syn-303-balanced-005,303,balanced,ml_logistic,"[""syn-303-balanced-005-d009"", ""syn-303-balanced-005-d007"", ""syn-303-balanced-005-d008"", ""syn-303-balanced-005-d000"", ""syn-303-balanced-005-d010"", ""syn-303-balanced-005-d011""]",804,402,5,2,1.0,0.6,1.0,0.5,12,6,5,2,False
syn-303-balanced-005,303,balanced,route_time,"[""syn-303-balanced-005-d009"", ""syn-303-balanced-005-d008"", ""syn-303-balanced-005-d007"", ""syn-303-balanced-005-d000"", ""syn-303-balanced-005-d010"", ""syn-303-balanced-005-d011""]",804,402,5,2,1.0,0.6,1.0,0.5,12,6,5,2,False
syn-303-balanced-005,303,balanced,distance_destination,"[""syn-303-balanced-005-d009"", ""syn-303-balanced-005-d007"", ""syn-303-balanced-005-d008"", ""syn-303-balanced-005-d000"", ""syn-303-balanced-005-d010"", ""syn-303-balanced-005-d011""]",804,402,5,2,1.0,0.6,1.0,0.5,12,6,5,2,False
syn-303-balanced-006,303,balanced,ml_logistic,"[""syn-303-balanced-006-d009"", ""syn-303-balanced-006-d011"", ""syn-303-balanced-006-d010"", ""syn-303-balanced-006-d008"", ""syn-303-balanced-006-d006"", ""syn-303-balanced-006-d007""]",804,402,6,2,1.0,0.5,1.0,0.5,12,6,6,2,False
syn-303-balanced-006,303,balanced,route_time,"[""syn-303-balanced-006-d009"", ""syn-303-balanced-006-d011"", ""syn-303-balanced-006-d006"", ""syn-303-balanced-006-d008"", ""syn-303-balanced-006-d010"", ""syn-303-balanced-006-d007""]",804,402,6,2,0.6666666666666666,0.3333333333333333,0.7653606369886217,0.5,12,6,6,2,False
syn-303-balanced-006,303,balanced,distance_destination,"[""syn-303-balanced-006-d009"", ""syn-303-balanced-006-d011"", ""syn-303-balanced-006-d006"", ""syn-303-balanced-006-d010"", ""syn-303-balanced-006-d008"", ""syn-303-balanced-006-d007""]",804,402,6,2,0.6666666666666666,0.3333333333333333,0.7653606369886217,0.5,12,6,6,2,False
syn-303-balanced-007,303,balanced,ml_logistic,"[""syn-303-balanced-007-d007"", ""syn-303-balanced-007-d009"", ""syn-303-balanced-007-d005"", ""syn-303-balanced-007-d008"", ""syn-303-balanced-007-d006"", ""syn-303-balanced-007-d010""]",804,402,7,4,0.6666666666666666,0.2857142857142857,0.7039180890341347,0.5,12,6,7,4,False
syn-303-balanced-007,303,balanced,route_time,"[""syn-303-balanced-007-d005"", ""syn-303-balanced-007-d006"", ""syn-303-balanced-007-d007"", ""syn-303-balanced-007-d008"", ""syn-303-balanced-007-d010"", ""syn-303-balanced-007-d009""]",804,402,7,4,0.6666666666666666,0.2857142857142857,0.7039180890341347,0.5,12,6,7,4,False
syn-303-balanced-007,303,balanced,distance_destination,"[""syn-303-balanced-007-d005"", ""syn-303-balanced-007-d008"", ""syn-303-balanced-007-d006"", ""syn-303-balanced-007-d007"", ""syn-303-balanced-007-d010"", ""syn-303-balanced-007-d009""]",804,402,7,4,0.6666666666666666,0.2857142857142857,0.7653606369886217,0.5,12,6,7,4,False
syn-303-balanced-008,303,balanced,ml_logistic,"[""syn-303-balanced-008-d008"", ""syn-303-balanced-008-d009"", ""syn-303-balanced-008-d006"", ""syn-303-balanced-008-d007"", ""syn-303-balanced-008-d005"", ""syn-303-balanced-008-d004""]",804,402,7,1,1.0,0.42857142857142855,1.0,0.5,12,6,7,1,False
syn-303-balanced-008,303,balanced,route_time,"[""syn-303-balanced-008-d008"", ""syn-303-balanced-008-d009"", ""syn-303-balanced-008-d006"", ""syn-303-balanced-008-d007"", ""syn-303-balanced-008-d005"", ""syn-303-balanced-008-d004""]",804,402,7,1,1.0,0.42857142857142855,1.0,0.5,12,6,7,1,False
syn-303-balanced-008,303,balanced,distance_destination,"[""syn-303-balanced-008-d008"", ""syn-303-balanced-008-d009"", ""syn-303-balanced-008-d006"", ""syn-303-balanced-008-d005"", ""syn-303-balanced-008-d007"", ""syn-303-balanced-008-d004""]",804,402,7,1,1.0,0.42857142857142855,1.0,0.5,12,6,7,1,False
syn-303-balanced-009,303,balanced,ml_logistic,"[""syn-303-balanced-009-d006"", ""syn-303-balanced-009-d005"", ""syn-303-balanced-009-d008"", ""syn-303-balanced-009-d004"", ""syn-303-balanced-009-d003"", ""syn-303-balanced-009-d007""]",804,402,6,3,0.6666666666666666,0.3333333333333333,0.5307212739772434,0.5,12,6,6,3,False
syn-303-balanced-009,303,balanced,route_time,"[""syn-303-balanced-009-d005"", ""syn-303-balanced-009-d004"", ""syn-303-balanced-009-d008"", ""syn-303-balanced-009-d003"", ""syn-303-balanced-009-d006"", ""syn-303-balanced-009-d007""]",804,402,6,3,1.0,0.5,1.0,0.5,12,6,6,3,False
syn-303-balanced-009,303,balanced,distance_destination,"[""syn-303-balanced-009-d004"", ""syn-303-balanced-009-d003"", ""syn-303-balanced-009-d007"", ""syn-303-balanced-009-d005"", ""syn-303-balanced-009-d008"", ""syn-303-balanced-009-d006""]",804,402,6,3,0.3333333333333333,0.16666666666666666,0.46927872602275644,0.5,12,6,6,3,False
syn-303-balanced-010,303,balanced,ml_logistic,"[""syn-303-balanced-010-d007"", ""syn-303-balanced-010-d004"", ""syn-303-balanced-010-d005"", ""syn-303-balanced-010-d002"", ""syn-303-balanced-010-d003"", ""syn-303-balanced-010-d006""]",804,402,8,4,1.0,0.375,1.0,0.5,12,6,8,4,False
syn-303-balanced-010,303,balanced,route_time,"[""syn-303-balanced-010-d007"", ""syn-303-balanced-010-d005"", ""syn-303-balanced-010-d004"", ""syn-303-balanced-010-d002"", ""syn-303-balanced-010-d003"", ""syn-303-balanced-010-d006""]",804,402,8,4,1.0,0.375,1.0,0.5,12,6,8,4,False
syn-303-balanced-010,303,balanced,distance_destination,"[""syn-303-balanced-010-d007"", ""syn-303-balanced-010-d005"", ""syn-303-balanced-010-d004"", ""syn-303-balanced-010-d003"", ""syn-303-balanced-010-d002"", ""syn-303-balanced-010-d006""]",804,402,8,4,1.0,0.375,1.0,0.5,12,6,8,4,False
syn-303-balanced-011,303,balanced,ml_logistic,"[""syn-303-balanced-011-d003"", ""syn-303-balanced-011-d005"", ""syn-303-balanced-011-d002"", ""syn-303-balanced-011-d006"", ""syn-303-balanced-011-d004"", ""syn-303-balanced-011-d001""]",804,402,5,3,0.3333333333333333,0.2,0.23463936301137822,0.5,12,6,5,3,False
syn-303-balanced-011,303,balanced,route_time,"[""syn-303-balanced-011-d002"", ""syn-303-balanced-011-d003"", ""syn-303-balanced-011-d006"", ""syn-303-balanced-011-d004"", ""syn-303-balanced-011-d005"", ""syn-303-balanced-011-d001""]",804,402,5,3,0.3333333333333333,0.2,0.46927872602275644,0.5,12,6,5,3,False
syn-303-balanced-011,303,balanced,distance_destination,"[""syn-303-balanced-011-d002"", ""syn-303-balanced-011-d003"", ""syn-303-balanced-011-d004"", ""syn-303-balanced-011-d001"", ""syn-303-balanced-011-d006"", ""syn-303-balanced-011-d005""]",804,402,5,3,0.6666666666666666,0.4,0.7039180890341347,0.5,12,6,5,3,False
syn-303-balanced-012,303,balanced,ml_logistic,"[""syn-303-balanced-012-d001"", ""syn-303-balanced-012-d003"", ""syn-303-balanced-012-d000"", ""syn-303-balanced-012-d002"", ""syn-303-balanced-012-d005"", ""syn-303-balanced-012-d004""]",804,402,5,2,0.6666666666666666,0.4,0.7039180890341347,0.5,12,6,5,2,False
syn-303-balanced-012,303,balanced,route_time,"[""syn-303-balanced-012-d001"", ""syn-303-balanced-012-d003"", ""syn-303-balanced-012-d005"", ""syn-303-balanced-012-d002"", ""syn-303-balanced-012-d000"", ""syn-303-balanced-012-d004""]",804,402,5,2,0.3333333333333333,0.2,0.46927872602275644,0.5,12,6,5,2,False
syn-303-balanced-012,303,balanced,distance_destination,"[""syn-303-balanced-012-d001"", ""syn-303-balanced-012-d005"", ""syn-303-balanced-012-d000"", ""syn-303-balanced-012-d003"", ""syn-303-balanced-012-d004"", ""syn-303-balanced-012-d002""]",804,402,5,2,0.6666666666666666,0.4,0.7039180890341347,0.5,12,6,5,2,False
syn-303-balanced-013,303,balanced,ml_logistic,"[""syn-303-balanced-013-d011"", ""syn-303-balanced-013-d003"", ""syn-303-balanced-013-d004"", ""syn-303-balanced-013-d001"", ""syn-303-balanced-013-d002"", ""syn-303-balanced-013-d000""]",804,402,6,5,0.3333333333333333,0.16666666666666666,0.46927872602275644,0.5,12,6,6,5,False
syn-303-balanced-013,303,balanced,route_time,"[""syn-303-balanced-013-d011"", ""syn-303-balanced-013-d003"", ""syn-303-balanced-013-d001"", ""syn-303-balanced-013-d004"", ""syn-303-balanced-013-d002"", ""syn-303-balanced-013-d000""]",804,402,6,5,0.3333333333333333,0.16666666666666666,0.46927872602275644,0.5,12,6,6,5,False
syn-303-balanced-013,303,balanced,distance_destination,"[""syn-303-balanced-013-d011"", ""syn-303-balanced-013-d003"", ""syn-303-balanced-013-d004"", ""syn-303-balanced-013-d001"", ""syn-303-balanced-013-d002"", ""syn-303-balanced-013-d000""]",804,402,6,5,0.3333333333333333,0.16666666666666666,0.46927872602275644,0.5,12,6,6,5,False
syn-303-balanced-014,303,balanced,ml_logistic,"[""syn-303-balanced-014-d000"", ""syn-303-balanced-014-d003"", ""syn-303-balanced-014-d001"", ""syn-303-balanced-014-d011"", ""syn-303-balanced-014-d010"", ""syn-303-balanced-014-d002""]",804,402,5,2,0.6666666666666666,0.4,0.7039180890341347,0.5,12,6,5,2,False
syn-303-balanced-014,303,balanced,route_time,"[""syn-303-balanced-014-d003"", ""syn-303-balanced-014-d000"", ""syn-303-balanced-014-d010"", ""syn-303-balanced-014-d011"", ""syn-303-balanced-014-d001"", ""syn-303-balanced-014-d002""]",804,402,5,2,0.3333333333333333,0.2,0.2960819109658652,0.5,12,6,5,2,False
syn-303-balanced-014,303,balanced,distance_destination,"[""syn-303-balanced-014-d003"", ""syn-303-balanced-014-d000"", ""syn-303-balanced-014-d010"", ""syn-303-balanced-014-d002"", ""syn-303-balanced-014-d011"", ""syn-303-balanced-014-d001""]",804,402,5,2,0.3333333333333333,0.2,0.2960819109658652,0.5,12,6,5,2,False
syn-303-balanced-015,303,balanced,ml_logistic,"[""syn-303-balanced-015-d009"", ""syn-303-balanced-015-d011"", ""syn-303-balanced-015-d002"", ""syn-303-balanced-015-d001"", ""syn-303-balanced-015-d010"", ""syn-303-balanced-015-d000""]",804,402,6,2,1.0,0.5,1.0,0.5,12,6,6,2,False
syn-303-balanced-015,303,balanced,route_time,"[""syn-303-balanced-015-d009"", ""syn-303-balanced-015-d011"", ""syn-303-balanced-015-d002"", ""syn-303-balanced-015-d001"", ""syn-303-balanced-015-d010"", ""syn-303-balanced-015-d000""]",804,402,6,2,1.0,0.5,1.0,0.5,12,6,6,2,False
syn-303-balanced-015,303,balanced,distance_destination,"[""syn-303-balanced-015-d009"", ""syn-303-balanced-015-d011"", ""syn-303-balanced-015-d000"", ""syn-303-balanced-015-d002"", ""syn-303-balanced-015-d010"", ""syn-303-balanced-015-d001""]",804,402,6,2,0.6666666666666666,0.3333333333333333,0.7653606369886217,0.5,12,6,6,2,False
syn-303-balanced-016,303,balanced,ml_logistic,"[""syn-303-balanced-016-d001"", ""syn-303-balanced-016-d011"", ""syn-303-balanced-016-d000"", ""syn-303-balanced-016-d010"", ""syn-303-balanced-016-d008"", ""syn-303-balanced-016-d009""]",804,402,8,4,1.0,0.375,1.0,0.5,12,6,8,4,False
syn-303-balanced-016,303,balanced,route_time,"[""syn-303-balanced-016-d001"", ""syn-303-balanced-016-d011"", ""syn-303-balanced-016-d000"", ""syn-303-balanced-016-d010"", ""syn-303-balanced-016-d008"", ""syn-303-balanced-016-d009""]",804,402,8,4,1.0,0.375,1.0,0.5,12,6,8,4,False
syn-303-balanced-016,303,balanced,distance_destination,"[""syn-303-balanced-016-d001"", ""syn-303-balanced-016-d011"", ""syn-303-balanced-016-d008"", ""syn-303-balanced-016-d009"", ""syn-303-balanced-016-d000"", ""syn-303-balanced-016-d010""]",804,402,8,4,0.6666666666666666,0.25,0.7653606369886217,0.5,12,6,8,4,False
syn-303-balanced-017,303,balanced,ml_logistic,"[""syn-303-balanced-017-d008"", ""syn-303-balanced-017-d009"", ""syn-303-balanced-017-d007"", ""syn-303-balanced-017-d011"", ""syn-303-balanced-017-d000"", ""syn-303-balanced-017-d010""]",804,402,8,4,0.6666666666666666,0.25,0.7653606369886217,0.5,12,6,8,4,False
syn-303-balanced-017,303,balanced,route_time,"[""syn-303-balanced-017-d008"", ""syn-303-balanced-017-d009"", ""syn-303-balanced-017-d011"", ""syn-303-balanced-017-d000"", ""syn-303-balanced-017-d010"", ""syn-303-balanced-017-d007""]",804,402,8,4,1.0,0.375,1.0,0.5,12,6,8,4,False
syn-303-balanced-017,303,balanced,distance_destination,"[""syn-303-balanced-017-d008"", ""syn-303-balanced-017-d009"", ""syn-303-balanced-017-d011"", ""syn-303-balanced-017-d000"", ""syn-303-balanced-017-d010"", ""syn-303-balanced-017-d007""]",804,402,8,4,1.0,0.375,1.0,0.5,12,6,8,4,False
syn-303-balanced-018,303,balanced,ml_logistic,"[""syn-303-balanced-018-d007"", ""syn-303-balanced-018-d010"", ""syn-303-balanced-018-d009"", ""syn-303-balanced-018-d006"", ""syn-303-balanced-018-d008"", ""syn-303-balanced-018-d011""]",804,402,7,4,0.6666666666666666,0.2857142857142857,0.5307212739772434,0.5,12,6,7,4,False
syn-303-balanced-018,303,balanced,route_time,"[""syn-303-balanced-018-d010"", ""syn-303-balanced-018-d008"", ""syn-303-balanced-018-d009"", ""syn-303-balanced-018-d006"", ""syn-303-balanced-018-d007"", ""syn-303-balanced-018-d011""]",804,402,7,4,1.0,0.42857142857142855,1.0,0.5,12,6,7,4,False
syn-303-balanced-018,303,balanced,distance_destination,"[""syn-303-balanced-018-d006"", ""syn-303-balanced-018-d009"", ""syn-303-balanced-018-d010"", ""syn-303-balanced-018-d008"", ""syn-303-balanced-018-d011"", ""syn-303-balanced-018-d007""]",804,402,7,4,0.6666666666666666,0.2857142857142857,0.5307212739772434,0.5,12,6,7,4,False
syn-303-balanced-019,303,balanced,ml_logistic,"[""syn-303-balanced-019-d008"", ""syn-303-balanced-019-d006"", ""syn-303-balanced-019-d010"", ""syn-303-balanced-019-d009"", ""syn-303-balanced-019-d005"", ""syn-303-balanced-019-d007""]",804,402,4,1,1.0,0.75,1.0,0.5,12,6,4,1,False
syn-303-balanced-019,303,balanced,route_time,"[""syn-303-balanced-019-d008"", ""syn-303-balanced-019-d006"", ""syn-303-balanced-019-d010"", ""syn-303-balanced-019-d009"", ""syn-303-balanced-019-d005"", ""syn-303-balanced-019-d007""]",804,402,4,1,1.0,0.75,1.0,0.5,12,6,4,1,False
syn-303-balanced-019,303,balanced,distance_destination,"[""syn-303-balanced-019-d008"", ""syn-303-balanced-019-d006"", ""syn-303-balanced-019-d009"", ""syn-303-balanced-019-d005"", ""syn-303-balanced-019-d010"", ""syn-303-balanced-019-d007""]",804,402,4,1,0.6666666666666666,0.5,0.7653606369886217,0.5,12,6,4,1,False
syn-303-dense-000,303,dense,ml_logistic,"[""syn-303-dense-000-d003"", ""syn-303-dense-000-d013"", ""syn-303-dense-000-d017"", ""syn-303-dense-000-d004"", ""syn-303-dense-000-d014"", ""syn-303-dense-000-d001"", ""syn-303-dense-000-d016"", ""syn-303-dense-000-d012"", ""syn-303-dense-000-d000"", ""syn-303-dense-000-d005"", ""syn-303-dense-000-d015"", ""syn-303-dense-000-d002""]",804,402,3,1,0.6666666666666666,0.6666666666666666,0.7653606369886217,0.5,24,12,3,1,False
syn-303-dense-000,303,dense,route_time,"[""syn-303-dense-000-d017"", ""syn-303-dense-000-d003"", ""syn-303-dense-000-d001"", ""syn-303-dense-000-d016"", ""syn-303-dense-000-d004"", ""syn-303-dense-000-d014"", ""syn-303-dense-000-d013"", ""syn-303-dense-000-d005"", ""syn-303-dense-000-d012"", ""syn-303-dense-000-d000"", ""syn-303-dense-000-d015"", ""syn-303-dense-000-d002""]",804,402,3,1,0.3333333333333333,0.3333333333333333,0.2960819109658652,0.5,24,12,3,1,False
syn-303-dense-000,303,dense,distance_destination,"[""syn-303-dense-000-d003"", ""syn-303-dense-000-d017"", ""syn-303-dense-000-d016"", ""syn-303-dense-000-d005"", ""syn-303-dense-000-d001"", ""syn-303-dense-000-d000"", ""syn-303-dense-000-d012"", ""syn-303-dense-000-d014"", ""syn-303-dense-000-d015"", ""syn-303-dense-000-d002"", ""syn-303-dense-000-d004"", ""syn-303-dense-000-d013""]",804,402,3,1,0.3333333333333333,0.3333333333333333,0.46927872602275644,0.5,24,12,3,1,False
syn-303-dense-001,303,dense,ml_logistic,"[""syn-303-dense-001-d004"", ""syn-303-dense-001-d002"", ""syn-303-dense-001-d015"", ""syn-303-dense-001-d013"", ""syn-303-dense-001-d003"", ""syn-303-dense-001-d011"", ""syn-303-dense-001-d016"", ""syn-303-dense-001-d000"", ""syn-303-dense-001-d001"", ""syn-303-dense-001-d023"", ""syn-303-dense-001-d014"", ""syn-303-dense-001-d012""]",804,402,9,5,0.3333333333333333,0.1111111111111111,0.2960819109658652,0.5,24,12,9,5,False
syn-303-dense-001,303,dense,route_time,"[""syn-303-dense-001-d004"", ""syn-303-dense-001-d003"", ""syn-303-dense-001-d002"", ""syn-303-dense-001-d013"", ""syn-303-dense-001-d011"", ""syn-303-dense-001-d015"", ""syn-303-dense-001-d001"", ""syn-303-dense-001-d016"", ""syn-303-dense-001-d023"", ""syn-303-dense-001-d014"", ""syn-303-dense-001-d000"", ""syn-303-dense-001-d012""]",804,402,9,5,0.6666666666666666,0.2222222222222222,0.5307212739772434,0.5,24,12,9,5,False
syn-303-dense-001,303,dense,distance_destination,"[""syn-303-dense-001-d004"", ""syn-303-dense-001-d003"", ""syn-303-dense-001-d002"", ""syn-303-dense-001-d011"", ""syn-303-dense-001-d016"", ""syn-303-dense-001-d000"", ""syn-303-dense-001-d015"", ""syn-303-dense-001-d013"", ""syn-303-dense-001-d023"", ""syn-303-dense-001-d001"", ""syn-303-dense-001-d014"", ""syn-303-dense-001-d012""]",804,402,9,5,0.6666666666666666,0.2222222222222222,0.5307212739772434,0.5,24,12,9,5,False
syn-303-dense-002,303,dense,ml_logistic,"[""syn-303-dense-002-d015"", ""syn-303-dense-002-d001"", ""syn-303-dense-002-d013"", ""syn-303-dense-002-d012"", ""syn-303-dense-002-d014"", ""syn-303-dense-002-d023"", ""syn-303-dense-002-d010"", ""syn-303-dense-002-d000"", ""syn-303-dense-002-d003"", ""syn-303-dense-002-d002"", ""syn-303-dense-002-d022"", ""syn-303-dense-002-d011""]",804,402,7,5,0.3333333333333333,0.14285714285714285,0.23463936301137822,0.5,24,12,7,5,False
syn-303-dense-002,303,dense,route_time,"[""syn-303-dense-002-d015"", ""syn-303-dense-002-d001"", ""syn-303-dense-002-d013"", ""syn-303-dense-002-d012"", ""syn-303-dense-002-d010"", ""syn-303-dense-002-d023"", ""syn-303-dense-002-d000"", ""syn-303-dense-002-d014"", ""syn-303-dense-002-d002"", ""syn-303-dense-002-d003"", ""syn-303-dense-002-d022"", ""syn-303-dense-002-d011""]",804,402,7,5,0.3333333333333333,0.14285714285714285,0.23463936301137822,0.5,24,12,7,5,False
syn-303-dense-002,303,dense,distance_destination,"[""syn-303-dense-002-d001"", ""syn-303-dense-002-d015"", ""syn-303-dense-002-d013"", ""syn-303-dense-002-d010"", ""syn-303-dense-002-d023"", ""syn-303-dense-002-d012"", ""syn-303-dense-002-d000"", ""syn-303-dense-002-d003"", ""syn-303-dense-002-d002"", ""syn-303-dense-002-d022"", ""syn-303-dense-002-d011"", ""syn-303-dense-002-d014""]",804,402,7,5,0.3333333333333333,0.14285714285714285,0.23463936301137822,0.5,24,12,7,5,False
syn-303-dense-003,303,dense,ml_logistic,"[""syn-303-dense-003-d001"", ""syn-303-dense-003-d023"", ""syn-303-dense-003-d013"", ""syn-303-dense-003-d010"", ""syn-303-dense-003-d022"", ""syn-303-dense-003-d002"", ""syn-303-dense-003-d012"", ""syn-303-dense-003-d021"", ""syn-303-dense-003-d000"", ""syn-303-dense-003-d011"", ""syn-303-dense-003-d009"", ""syn-303-dense-003-d014""]",804,402,9,4,0.3333333333333333,0.1111111111111111,0.23463936301137822,0.5,24,12,9,4,False
syn-303-dense-003,303,dense,route_time,"[""syn-303-dense-003-d023"", ""syn-303-dense-003-d001"", ""syn-303-dense-003-d011"", ""syn-303-dense-003-d022"", ""syn-303-dense-003-d010"", ""syn-303-dense-003-d021"", ""syn-303-dense-003-d012"", ""syn-303-dense-003-d000"", ""syn-303-dense-003-d013"", ""syn-303-dense-003-d009"", ""syn-303-dense-003-d002"", ""syn-303-dense-003-d014""]",804,402,9,4,0.3333333333333333,0.1111111111111111,0.23463936301137822,0.5,24,12,9,4,False
syn-303-dense-003,303,dense,distance_destination,"[""syn-303-dense-003-d023"", ""syn-303-dense-003-d001"", ""syn-303-dense-003-d012"", ""syn-303-dense-003-d011"", ""syn-303-dense-003-d022"", ""syn-303-dense-003-d009"", ""syn-303-dense-003-d021"", ""syn-303-dense-003-d010"", ""syn-303-dense-003-d000"", ""syn-303-dense-003-d013"", ""syn-303-dense-003-d014"", ""syn-303-dense-003-d002""]",804,402,9,4,0.0,0.0,0.0,0.5,24,12,9,4,False
syn-303-dense-004,303,dense,ml_logistic,"[""syn-303-dense-004-d008"", ""syn-303-dense-004-d013"", ""syn-303-dense-004-d001"", ""syn-303-dense-004-d011"", ""syn-303-dense-004-d010"", ""syn-303-dense-004-d021"", ""syn-303-dense-004-d009"", ""syn-303-dense-004-d020"", ""syn-303-dense-004-d023"", ""syn-303-dense-004-d022"", ""syn-303-dense-004-d012"", ""syn-303-dense-004-d000""]",804,402,8,3,0.6666666666666666,0.25,0.7653606369886217,0.5,24,12,8,3,False
syn-303-dense-004,303,dense,route_time,"[""syn-303-dense-004-d021"", ""syn-303-dense-004-d008"", ""syn-303-dense-004-d001"", ""syn-303-dense-004-d013"", ""syn-303-dense-004-d010"", ""syn-303-dense-004-d009"", ""syn-303-dense-004-d023"", ""syn-303-dense-004-d011"", ""syn-303-dense-004-d020"", ""syn-303-dense-004-d022"", ""syn-303-dense-004-d012"", ""syn-303-dense-004-d000""]",804,402,8,3,0.6666666666666666,0.25,0.7653606369886217,0.5,24,12,8,3,False
syn-303-dense-004,303,dense,distance_destination,"[""syn-303-dense-004-d001"", ""syn-303-dense-004-d021"", ""syn-303-dense-004-d008"", ""syn-303-dense-004-d013"", ""syn-303-dense-004-d023"", ""syn-303-dense-004-d020"", ""syn-303-dense-004-d009"", ""syn-303-dense-004-d010"", ""syn-303-dense-004-d011"", ""syn-303-dense-004-d022"", ""syn-303-dense-004-d012"", ""syn-303-dense-004-d000""]",804,402,8,3,0.6666666666666666,0.25,0.5307212739772434,0.5,24,12,8,3,False
syn-303-dense-005,303,dense,ml_logistic,"[""syn-303-dense-005-d022"", ""syn-303-dense-005-d011"", ""syn-303-dense-005-d009"", ""syn-303-dense-005-d020"", ""syn-303-dense-005-d012"", ""syn-303-dense-005-d010"", ""syn-303-dense-005-d023"", ""syn-303-dense-005-d021"", ""syn-303-dense-005-d019"", ""syn-303-dense-005-d007"", ""syn-303-dense-005-d000"", ""syn-303-dense-005-d008""]",804,402,6,4,0.6666666666666666,0.3333333333333333,0.7653606369886217,0.5,24,12,6,4,False
syn-303-dense-005,303,dense,route_time,"[""syn-303-dense-005-d022"", ""syn-303-dense-005-d020"", ""syn-303-dense-005-d011"", ""syn-303-dense-005-d009"", ""syn-303-dense-005-d012"", ""syn-303-dense-005-d021"", ""syn-303-dense-005-d023"", ""syn-303-dense-005-d010"", ""syn-303-dense-005-d019"", ""syn-303-dense-005-d000"", ""syn-303-dense-005-d007"", ""syn-303-dense-005-d008""]",804,402,6,4,0.6666666666666666,0.3333333333333333,0.7039180890341347,0.5,24,12,6,4,False
syn-303-dense-005,303,dense,distance_destination,"[""syn-303-dense-005-d022"", ""syn-303-dense-005-d011"", ""syn-303-dense-005-d020"", ""syn-303-dense-005-d009"", ""syn-303-dense-005-d012"", ""syn-303-dense-005-d021"", ""syn-303-dense-005-d019"", ""syn-303-dense-005-d007"", ""syn-303-dense-005-d000"", ""syn-303-dense-005-d023"", ""syn-303-dense-005-d010"", ""syn-303-dense-005-d008""]",804,402,6,4,0.6666666666666666,0.3333333333333333,0.7653606369886217,0.5,24,12,6,4,False
syn-303-dense-006,303,dense,ml_logistic,"[""syn-303-dense-006-d010"", ""syn-303-dense-006-d007"", ""syn-303-dense-006-d006"", ""syn-303-dense-006-d020"", ""syn-303-dense-006-d021"", ""syn-303-dense-006-d018"", ""syn-303-dense-006-d023"", ""syn-303-dense-006-d011"", ""syn-303-dense-006-d022"", ""syn-303-dense-006-d019"", ""syn-303-dense-006-d009"", ""syn-303-dense-006-d008""]",804,402,10,3,1.0,0.3,1.0,0.5,24,12,10,3,False
syn-303-dense-006,303,dense,route_time,"[""syn-303-dense-006-d006"", ""syn-303-dense-006-d007"", ""syn-303-dense-006-d020"", ""syn-303-dense-006-d010"", ""syn-303-dense-006-d018"", ""syn-303-dense-006-d009"", ""syn-303-dense-006-d023"", ""syn-303-dense-006-d021"", ""syn-303-dense-006-d019"", ""syn-303-dense-006-d022"", ""syn-303-dense-006-d011"", ""syn-303-dense-006-d008""]",804,402,10,3,0.6666666666666666,0.2,0.7653606369886217,0.5,24,12,10,3,False
syn-303-dense-006,303,dense,distance_destination,"[""syn-303-dense-006-d006"", ""syn-303-dense-006-d010"", ""syn-303-dense-006-d020"", ""syn-303-dense-006-d007"", ""syn-303-dense-006-d019"", ""syn-303-dense-006-d009"", ""syn-303-dense-006-d018"", ""syn-303-dense-006-d008"", ""syn-303-dense-006-d021"", ""syn-303-dense-006-d023"", ""syn-303-dense-006-d011"", ""syn-303-dense-006-d022""]",804,402,10,3,0.6666666666666666,0.2,0.7653606369886217,0.5,24,12,10,3,False
syn-303-dense-007,303,dense,ml_logistic,"[""syn-303-dense-007-d005"", ""syn-303-dense-007-d006"", ""syn-303-dense-007-d009"", ""syn-303-dense-007-d019"", ""syn-303-dense-007-d008"", ""syn-303-dense-007-d007"", ""syn-303-dense-007-d017"", ""syn-303-dense-007-d022"", ""syn-303-dense-007-d021"", ""syn-303-dense-007-d018"", ""syn-303-dense-007-d010"", ""syn-303-dense-007-d020""]",804,402,9,3,0.6666666666666666,0.2222222222222222,0.7653606369886217,0.5,24,12,9,3,False
syn-303-dense-007,303,dense,route_time,"[""syn-303-dense-007-d009"", ""syn-303-dense-007-d005"", ""syn-303-dense-007-d006"", ""syn-303-dense-007-d022"", ""syn-303-dense-007-d007"", ""syn-303-dense-007-d019"", ""syn-303-dense-007-d017"", ""syn-303-dense-007-d021"", ""syn-303-dense-007-d008"", ""syn-303-dense-007-d010"", ""syn-303-dense-007-d018"", ""syn-303-dense-007-d020""]",804,402,9,3,0.6666666666666666,0.2222222222222222,0.5307212739772434,0.5,24,12,9,3,False
syn-303-dense-007,303,dense,distance_destination,"[""syn-303-dense-007-d005"", ""syn-303-dense-007-d006"", ""syn-303-dense-007-d009"", ""syn-303-dense-007-d022"", ""syn-303-dense-007-d017"", ""syn-303-dense-007-d021"", ""syn-303-dense-007-d010"", ""syn-303-dense-007-d008"", ""syn-303-dense-007-d018"", ""syn-303-dense-007-d007"", ""syn-303-dense-007-d019"", ""syn-303-dense-007-d020""]",804,402,9,3,0.6666666666666666,0.2222222222222222,0.7653606369886217,0.5,24,12,9,3,False
syn-303-dense-008,303,dense,ml_logistic,"[""syn-303-dense-008-d007"", ""syn-303-dense-008-d017"", ""syn-303-dense-008-d006"", ""syn-303-dense-008-d020"", ""syn-303-dense-008-d008"", ""syn-303-dense-008-d009"", ""syn-303-dense-008-d021"", ""syn-303-dense-008-d016"", ""syn-303-dense-008-d004"", ""syn-303-dense-008-d019"", ""syn-303-dense-008-d018"", ""syn-303-dense-008-d005""]",804,402,6,3,0.6666666666666666,0.3333333333333333,0.7039180890341347,0.5,24,12,6,3,False
syn-303-dense-008,303,dense,route_time,"[""syn-303-dense-008-d007"", ""syn-303-dense-008-d006"", ""syn-303-dense-008-d017"", ""syn-303-dense-008-d008"", ""syn-303-dense-008-d009"", ""syn-303-dense-008-d016"", ""syn-303-dense-008-d020"", ""syn-303-dense-008-d021"", ""syn-303-dense-008-d018"", ""syn-303-dense-008-d004"", ""syn-303-dense-008-d019"", ""syn-303-dense-008-d005""]",804,402,6,3,0.6666666666666666,0.3333333333333333,0.7653606369886217,0.5,24,12,6,3,False
syn-303-dense-008,303,dense,distance_destination,"[""syn-303-dense-008-d007"", ""syn-303-dense-008-d017"", ""syn-303-dense-008-d008"", ""syn-303-dense-008-d006"", ""syn-303-dense-008-d009"", ""syn-303-dense-008-d019"", ""syn-303-dense-008-d004"", ""syn-303-dense-008-d021"", ""syn-303-dense-008-d016"", ""syn-303-dense-008-d018"", ""syn-303-dense-008-d020"", ""syn-303-dense-008-d005""]",804,402,6,3,0.6666666666666666,0.3333333333333333,0.7039180890341347,0.5,24,12,6,3,False
syn-303-dense-009,303,dense,ml_logistic,"[""syn-303-dense-009-d020"", ""syn-303-dense-009-d016"", ""syn-303-dense-009-d007"", ""syn-303-dense-009-d019"", ""syn-303-dense-009-d006"", ""syn-303-dense-009-d005"", ""syn-303-dense-009-d017"", ""syn-303-dense-009-d004"", ""syn-303-dense-009-d008"", ""syn-303-dense-009-d015"", ""syn-303-dense-009-d003"", ""syn-303-dense-009-d018""]",804,402,5,1,0.6666666666666666,0.4,0.5307212739772434,0.5,24,12,5,1,False
syn-303-dense-009,303,dense,route_time,"[""syn-303-dense-009-d020"", ""syn-303-dense-009-d016"", ""syn-303-dense-009-d019"", ""syn-303-dense-009-d006"", ""syn-303-dense-009-d005"", ""syn-303-dense-009-d007"", ""syn-303-dense-009-d008"", ""syn-303-dense-009-d017"", ""syn-303-dense-009-d004"", ""syn-303-dense-009-d018"", ""syn-303-dense-009-d015"", ""syn-303-dense-009-d003""]",804,402,5,1,0.6666666666666666,0.4,0.5307212739772434,0.5,24,12,5,1,False
syn-303-dense-009,303,dense,distance_destination,"[""syn-303-dense-009-d020"", ""syn-303-dense-009-d019"", ""syn-303-dense-009-d005"", ""syn-303-dense-009-d016"", ""syn-303-dense-009-d004"", ""syn-303-dense-009-d017"", ""syn-303-dense-009-d006"", ""syn-303-dense-009-d008"", ""syn-303-dense-009-d015"", ""syn-303-dense-009-d007"", ""syn-303-dense-009-d003"", ""syn-303-dense-009-d018""]",804,402,5,1,0.6666666666666666,0.4,0.5307212739772434,0.5,24,12,5,1,False
syn-303-dense-010,303,dense,ml_logistic,"[""syn-303-dense-010-d019"", ""syn-303-dense-010-d014"", ""syn-303-dense-010-d018"", ""syn-303-dense-010-d017"", ""syn-303-dense-010-d016"", ""syn-303-dense-010-d005"", ""syn-303-dense-010-d003"", ""syn-303-dense-010-d002"", ""syn-303-dense-010-d007"", ""syn-303-dense-010-d004"", ""syn-303-dense-010-d015"", ""syn-303-dense-010-d006""]",804,402,11,4,0.6666666666666666,0.18181818181818182,0.7039180890341347,0.5,24,12,11,4,False
syn-303-dense-010,303,dense,route_time,"[""syn-303-dense-010-d014"", ""syn-303-dense-010-d019"", ""syn-303-dense-010-d018"", ""syn-303-dense-010-d002"", ""syn-303-dense-010-d017"", ""syn-303-dense-010-d004"", ""syn-303-dense-010-d007"", ""syn-303-dense-010-d016"", ""syn-303-dense-010-d003"", ""syn-303-dense-010-d005"", ""syn-303-dense-010-d015"", ""syn-303-dense-010-d006""]",804,402,11,4,0.6666666666666666,0.18181818181818182,0.5307212739772434,0.5,24,12,11,4,False
syn-303-dense-010,303,dense,distance_destination,"[""syn-303-dense-010-d019"", ""syn-303-dense-010-d014"", ""syn-303-dense-010-d018"", ""syn-303-dense-010-d007"", ""syn-303-dense-010-d004"", ""syn-303-dense-010-d002"", ""syn-303-dense-010-d017"", ""syn-303-dense-010-d015"", ""syn-303-dense-010-d016"", ""syn-303-dense-010-d003"", ""syn-303-dense-010-d005"", ""syn-303-dense-010-d006""]",804,402,11,4,0.6666666666666666,0.18181818181818182,0.7039180890341347,0.5,24,12,11,4,False
syn-303-dense-011,303,dense,ml_logistic,"[""syn-303-dense-011-d013"", ""syn-303-dense-011-d018"", ""syn-303-dense-011-d003"", ""syn-303-dense-011-d014"", ""syn-303-dense-011-d006"", ""syn-303-dense-011-d015"", ""syn-303-dense-011-d017"", ""syn-303-dense-011-d005"", ""syn-303-dense-011-d016"", ""syn-303-dense-011-d004"", ""syn-303-dense-011-d002"", ""syn-303-dense-011-d001""]",804,402,8,3,1.0,0.375,1.0,0.5,24,12,8,3,False
syn-303-dense-011,303,dense,route_time,"[""syn-303-dense-011-d013"", ""syn-303-dense-011-d018"", ""syn-303-dense-011-d017"", ""syn-303-dense-011-d014"", ""syn-303-dense-011-d003"", ""syn-303-dense-011-d016"", ""syn-303-dense-011-d004"", ""syn-303-dense-011-d006"", ""syn-303-dense-011-d005"", ""syn-303-dense-011-d015"", ""syn-303-dense-011-d002"", ""syn-303-dense-011-d001""]",804,402,8,3,0.6666666666666666,0.25,0.7653606369886217,0.5,24,12,8,3,False
syn-303-dense-011,303,dense,distance_destination,"[""syn-303-dense-011-d013"", ""syn-303-dense-011-d017"", ""syn-303-dense-011-d018"", ""syn-303-dense-011-d004"", ""syn-303-dense-011-d003"", ""syn-303-dense-011-d014"", ""syn-303-dense-011-d016"", ""syn-303-dense-011-d006"", ""syn-303-dense-011-d002"", ""syn-303-dense-011-d015"", ""syn-303-dense-011-d005"", ""syn-303-dense-011-d001""]",804,402,8,3,0.6666666666666666,0.25,0.7039180890341347,0.5,24,12,8,3,False
syn-303-dense-012,303,dense,ml_logistic,"[""syn-303-dense-012-d004"", ""syn-303-dense-012-d013"", ""syn-303-dense-012-d003"", ""syn-303-dense-012-d012"", ""syn-303-dense-012-d005"", ""syn-303-dense-012-d016"", ""syn-303-dense-012-d000"", ""syn-303-dense-012-d017"", ""syn-303-dense-012-d014"", ""syn-303-dense-012-d002"", ""syn-303-dense-012-d015"", ""syn-303-dense-012-d001""]",804,402,5,2,0.6666666666666666,0.4,0.5307212739772434,0.5,24,12,5,2,False
syn-303-dense-012,303,dense,route_time,"[""syn-303-dense-012-d013"", ""syn-303-dense-012-d004"", ""syn-303-dense-012-d003"", ""syn-303-dense-012-d000"", ""syn-303-dense-012-d005"", ""syn-303-dense-012-d016"", ""syn-303-dense-012-d017"", ""syn-303-dense-012-d012"", ""syn-303-dense-012-d001"", ""syn-303-dense-012-d015"", ""syn-303-dense-012-d014"", ""syn-303-dense-012-d002""]",804,402,5,2,0.6666666666666666,0.4,0.7039180890341347,0.5,24,12,5,2,False
syn-303-dense-012,303,dense,distance_destination,"[""syn-303-dense-012-d004"", ""syn-303-dense-012-d013"", ""syn-303-dense-012-d005"", ""syn-303-dense-012-d014"", ""syn-303-dense-012-d000"", ""syn-303-dense-012-d003"", ""syn-303-dense-012-d016"", ""syn-303-dense-012-d017"", ""syn-303-dense-012-d002"", ""syn-303-dense-012-d015"", ""syn-303-dense-012-d001"", ""syn-303-dense-012-d012""]",804,402,5,2,0.6666666666666666,0.4,0.5307212739772434,0.5,24,12,5,2,False
syn-303-dense-013,303,dense,ml_logistic,"[""syn-303-dense-013-d001"", ""syn-303-dense-013-d003"", ""syn-303-dense-013-d015"", ""syn-303-dense-013-d011"", ""syn-303-dense-013-d014"", ""syn-303-dense-013-d016"", ""syn-303-dense-013-d000"", ""syn-303-dense-013-d023"", ""syn-303-dense-013-d012"", ""syn-303-dense-013-d013"", ""syn-303-dense-013-d004"", ""syn-303-dense-013-d002""]",804,402,8,4,0.3333333333333333,0.125,0.2960819109658652,0.5,24,12,8,4,False
syn-303-dense-013,303,dense,route_time,"[""syn-303-dense-013-d001"", ""syn-303-dense-013-d003"", ""syn-303-dense-013-d016"", ""syn-303-dense-013-d000"", ""syn-303-dense-013-d014"", ""syn-303-dense-013-d011"", ""syn-303-dense-013-d015"", ""syn-303-dense-013-d023"", ""syn-303-dense-013-d013"", ""syn-303-dense-013-d012"", ""syn-303-dense-013-d004"", ""syn-303-dense-013-d002""]",804,402,8,4,0.6666666666666666,0.25,0.5307212739772434,0.5,24,12,8,4,False
syn-303-dense-013,303,dense,distance_destination,"[""syn-303-dense-013-d001"", ""syn-303-dense-013-d003"", ""syn-303-dense-013-d016"", ""syn-303-dense-013-d014"", ""syn-303-dense-013-d012"", ""syn-303-dense-013-d013"", ""syn-303-dense-013-d004"", ""syn-303-dense-013-d011"", ""syn-303-dense-013-d000"", ""syn-303-dense-013-d015"", ""syn-303-dense-013-d023"", ""syn-303-dense-013-d002""]",804,402,8,4,0.6666666666666666,0.25,0.5307212739772434,0.5,24,12,8,4,False
syn-303-dense-014,303,dense,ml_logistic,"[""syn-303-dense-014-d011"", ""syn-303-dense-014-d015"", ""syn-303-dense-014-d010"", ""syn-303-dense-014-d001"", ""syn-303-dense-014-d023"", ""syn-303-dense-014-d003"", ""syn-303-dense-014-d022"", ""syn-303-dense-014-d002"", ""syn-303-dense-014-d013"", ""syn-303-dense-014-d014"", ""syn-303-dense-014-d000"", ""syn-303-dense-014-d012""]",804,402,7,4,0.6666666666666666,0.2857142857142857,0.7039180890341347,0.5,24,12,7,4,False
syn-303-dense-014,303,dense,route_time,"[""syn-303-dense-014-d015"", ""syn-303-dense-014-d011"", ""syn-303-dense-014-d010"", ""syn-303-dense-014-d001"", ""syn-303-dense-014-d022"", ""syn-303-dense-014-d003"", ""syn-303-dense-014-d002"", ""syn-303-dense-014-d023"", ""syn-303-dense-014-d013"", ""syn-303-dense-014-d014"", ""syn-303-dense-014-d012"", ""syn-303-dense-014-d000""]",804,402,7,4,0.6666666666666666,0.2857142857142857,0.5307212739772434,0.5,24,12,7,4,False
syn-303-dense-014,303,dense,distance_destination,"[""syn-303-dense-014-d011"", ""syn-303-dense-014-d015"", ""syn-303-dense-014-d010"", ""syn-303-dense-014-d003"", ""syn-303-dense-014-d001"", ""syn-303-dense-014-d023"", ""syn-303-dense-014-d002"", ""syn-303-dense-014-d022"", ""syn-303-dense-014-d014"", ""syn-303-dense-014-d013"", ""syn-303-dense-014-d012"", ""syn-303-dense-014-d000""]",804,402,7,4,0.6666666666666666,0.2857142857142857,0.7039180890341347,0.5,24,12,7,4,False
syn-303-dense-015,303,dense,ml_logistic,"[""syn-303-dense-015-d013"", ""syn-303-dense-015-d021"", ""syn-303-dense-015-d002"", ""syn-303-dense-015-d023"", ""syn-303-dense-015-d012"", ""syn-303-dense-015-d014"", ""syn-303-dense-015-d000"", ""syn-303-dense-015-d009"", ""syn-303-dense-015-d022"", ""syn-303-dense-015-d010"", ""syn-303-dense-015-d001"", ""syn-303-dense-015-d011""]",804,402,7,6,0.3333333333333333,0.14285714285714285,0.46927872602275644,0.5,24,12,7,6,False
syn-303-dense-015,303,dense,route_time,"[""syn-303-dense-015-d013"", ""syn-303-dense-015-d014"", ""syn-303-dense-015-d000"", ""syn-303-dense-015-d012"", ""syn-303-dense-015-d002"", ""syn-303-dense-015-d023"", ""syn-303-dense-015-d021"", ""syn-303-dense-015-d009"", ""syn-303-dense-015-d010"", ""syn-303-dense-015-d022"", ""syn-303-dense-015-d001"", ""syn-303-dense-015-d011""]",804,402,7,6,0.3333333333333333,0.14285714285714285,0.46927872602275644,0.5,24,12,7,6,False
syn-303-dense-015,303,dense,distance_destination,"[""syn-303-dense-015-d013"", ""syn-303-dense-015-d022"", ""syn-303-dense-015-d000"", ""syn-303-dense-015-d009"", ""syn-303-dense-015-d010"", ""syn-303-dense-015-d002"", ""syn-303-dense-015-d014"", ""syn-303-dense-015-d001"", ""syn-303-dense-015-d023"", ""syn-303-dense-015-d012"", ""syn-303-dense-015-d011"", ""syn-303-dense-015-d021""]",804,402,7,6,0.3333333333333333,0.14285714285714285,0.46927872602275644,0.5,24,12,7,6,False
syn-303-dense-016,303,dense,ml_logistic,"[""syn-303-dense-016-d000"", ""syn-303-dense-016-d009"", ""syn-303-dense-016-d013"", ""syn-303-dense-016-d022"", ""syn-303-dense-016-d023"", ""syn-303-dense-016-d011"", ""syn-303-dense-016-d008"", ""syn-303-dense-016-d012"", ""syn-303-dense-016-d010"", ""syn-303-dense-016-d020"", ""syn-303-dense-016-d001"", ""syn-303-dense-016-d021""]",804,402,7,5,0.6666666666666666,0.2857142857142857,0.7039180890341347,0.5,24,12,7,5,False
syn-303-dense-016,303,dense,route_time,"[""syn-303-dense-016-d009"", ""syn-303-dense-016-d000"", ""syn-303-dense-016-d022"", ""syn-303-dense-016-d023"", ""syn-303-dense-016-d013"", ""syn-303-dense-016-d010"", ""syn-303-dense-016-d011"", ""syn-303-dense-016-d008"", ""syn-303-dense-016-d012"", ""syn-303-dense-016-d020"", ""syn-303-dense-016-d001"", ""syn-303-dense-016-d021""]",804,402,7,5,0.3333333333333333,0.14285714285714285,0.2960819109658652,0.5,24,12,7,5,False
syn-303-dense-016,303,dense,distance_destination,"[""syn-303-dense-016-d009"", ""syn-303-dense-016-d023"", ""syn-303-dense-016-d000"", ""syn-303-dense-016-d008"", ""syn-303-dense-016-d010"", ""syn-303-dense-016-d012"", ""syn-303-dense-016-d011"", ""syn-303-dense-016-d022"", ""syn-303-dense-016-d020"", ""syn-303-dense-016-d001"", ""syn-303-dense-016-d021"", ""syn-303-dense-016-d013""]",804,402,7,5,0.3333333333333333,0.14285714285714285,0.23463936301137822,0.5,24,12,7,5,False
syn-303-dense-017,303,dense,ml_logistic,"[""syn-303-dense-017-d021"", ""syn-303-dense-017-d022"", ""syn-303-dense-017-d009"", ""syn-303-dense-017-d019"", ""syn-303-dense-017-d011"", ""syn-303-dense-017-d007"", ""syn-303-dense-017-d012"", ""syn-303-dense-017-d023"", ""syn-303-dense-017-d000"", ""syn-303-dense-017-d008"", ""syn-303-dense-017-d010"", ""syn-303-dense-017-d020""]",804,402,12,5,0.6666666666666666,0.16666666666666666,0.7653606369886217,0.5,24,12,12,5,False
syn-303-dense-017,303,dense,route_time,"[""syn-303-dense-017-d022"", ""syn-303-dense-017-d021"", ""syn-303-dense-017-d009"", ""syn-303-dense-017-d012"", ""syn-303-dense-017-d000"", ""syn-303-dense-017-d008"", ""syn-303-dense-017-d023"", ""syn-303-dense-017-d007"", ""syn-303-dense-017-d019"", ""syn-303-dense-017-d011"", ""syn-303-dense-017-d010"", ""syn-303-dense-017-d020""]",804,402,12,5,0.6666666666666666,0.16666666666666666,0.7653606369886217,0.5,24,12,12,5,False
syn-303-dense-017,303,dense,distance_destination,"[""syn-303-dense-017-d021"", ""syn-303-dense-017-d022"", ""syn-303-dense-017-d012"", ""syn-303-dense-017-d009"", ""syn-303-dense-017-d000"", ""syn-303-dense-017-d008"", ""syn-303-dense-017-d007"", ""syn-303-dense-017-d019"", ""syn-303-dense-017-d010"", ""syn-303-dense-017-d023"", ""syn-303-dense-017-d011"", ""syn-303-dense-017-d020""]",804,402,12,5,0.6666666666666666,0.16666666666666666,0.7653606369886217,0.5,24,12,12,5,False
syn-303-dense-018,303,dense,ml_logistic,"[""syn-303-dense-018-d022"", ""syn-303-dense-018-d009"", ""syn-303-dense-018-d010"", ""syn-303-dense-018-d008"", ""syn-303-dense-018-d007"", ""syn-303-dense-018-d020"", ""syn-303-dense-018-d021"", ""syn-303-dense-018-d019"", ""syn-303-dense-018-d018"", ""syn-303-dense-018-d023"", ""syn-303-dense-018-d011"", ""syn-303-dense-018-d006""]",804,402,7,3,0.3333333333333333,0.14285714285714285,0.46927872602275644,0.5,24,12,7,3,False
syn-303-dense-018,303,dense,route_time,"[""syn-303-dense-018-d009"", ""syn-303-dense-018-d022"", ""syn-303-dense-018-d008"", ""syn-303-dense-018-d007"", ""syn-303-dense-018-d021"", ""syn-303-dense-018-d019"", ""syn-303-dense-018-d023"", ""syn-303-dense-018-d018"", ""syn-303-dense-018-d020"", ""syn-303-dense-018-d011"", ""syn-303-dense-018-d010"", ""syn-303-dense-018-d006""]",804,402,7,3,0.6666666666666666,0.2857142857142857,0.5307212739772434,0.5,24,12,7,3,False
syn-303-dense-018,303,dense,distance_destination,"[""syn-303-dense-018-d009"", ""syn-303-dense-018-d007"", ""syn-303-dense-018-d022"", ""syn-303-dense-018-d021"", ""syn-303-dense-018-d008"", ""syn-303-dense-018-d023"", ""syn-303-dense-018-d019"", ""syn-303-dense-018-d011"", ""syn-303-dense-018-d018"", ""syn-303-dense-018-d006"", ""syn-303-dense-018-d020"", ""syn-303-dense-018-d010""]",804,402,7,3,0.6666666666666666,0.2857142857142857,0.5307212739772434,0.5,24,12,7,3,False
syn-303-dense-019,303,dense,ml_logistic,"[""syn-303-dense-019-d019"", ""syn-303-dense-019-d010"", ""syn-303-dense-019-d006"", ""syn-303-dense-019-d009"", ""syn-303-dense-019-d022"", ""syn-303-dense-019-d007"", ""syn-303-dense-019-d018"", ""syn-303-dense-019-d008"", ""syn-303-dense-019-d020"", ""syn-303-dense-019-d017"", ""syn-303-dense-019-d021"", ""syn-303-dense-019-d005""]",804,402,8,3,0.6666666666666666,0.25,0.7653606369886217,0.5,24,12,8,3,False
syn-303-dense-019,303,dense,route_time,"[""syn-303-dense-019-d019"", ""syn-303-dense-019-d010"", ""syn-303-dense-019-d009"", ""syn-303-dense-019-d007"", ""syn-303-dense-019-d017"", ""syn-303-dense-019-d008"", ""syn-303-dense-019-d018"", ""syn-303-dense-019-d021"", ""syn-303-dense-019-d020"", ""syn-303-dense-019-d006"", ""syn-303-dense-019-d022"", ""syn-303-dense-019-d005""]",804,402,8,3,0.6666666666666666,0.25,0.7653606369886217,0.5,24,12,8,3,False
syn-303-dense-019,303,dense,distance_destination,"[""syn-303-dense-019-d019"", ""syn-303-dense-019-d010"", ""syn-303-dense-019-d009"", ""syn-303-dense-019-d017"", ""syn-303-dense-019-d020"", ""syn-303-dense-019-d021"", ""syn-303-dense-019-d007"", ""syn-303-dense-019-d008"", ""syn-303-dense-019-d006"", ""syn-303-dense-019-d018"", ""syn-303-dense-019-d022"", ""syn-303-dense-019-d005""]",804,402,8,3,0.6666666666666666,0.25,0.7653606369886217,0.5,24,12,8,3,False
