query_id,scenario,method,candidate_generation_seconds,model_ranking_seconds,training_seconds
syn-303-thin-000,thin,ml_logistic,0.0034121999924536794,6.629998097196221e-05,2.412719099986134
syn-303-thin-000,thin,route_time,0.0034121999924536794,,
syn-303-thin-000,thin,distance_destination,0.0034121999924536794,,
syn-303-thin-001,thin,ml_logistic,0.004264999995939434,3.540000761859119e-05,2.412719099986134
syn-303-thin-001,thin,route_time,0.004264999995939434,,
syn-303-thin-001,thin,distance_destination,0.004264999995939434,,
syn-303-thin-002,thin,ml_logistic,0.004229699989082292,2.9499991796910763e-05,2.412719099986134
syn-303-thin-002,thin,route_time,0.004229699989082292,,
syn-303-thin-002,thin,distance_destination,0.004229699989082292,,
syn-303-thin-003,thin,ml_logistic,0.003857400006381795,2.4300010409206152e-05,2.412719099986134
syn-303-thin-003,thin,route_time,0.003857400006381795,,
syn-303-thin-003,thin,distance_destination,0.003857400006381795,,
syn-303-thin-004,thin,ml_logistic,0.0032344000064767897,1.7399986973032355e-05,2.412719099986134
syn-303-thin-004,thin,route_time,0.0032344000064767897,,
syn-303-thin-004,thin,distance_destination,0.0032344000064767897,,
syn-303-thin-005,thin,ml_logistic,0.0035843999648932368,1.2100004823878407e-05,2.412719099986134
syn-303-thin-005,thin,route_time,0.0035843999648932368,,
syn-303-thin-005,thin,distance_destination,0.0035843999648932368,,
syn-303-thin-006,thin,ml_logistic,0.0036048999754711986,6.900023436173797e-06,2.412719099986134
syn-303-thin-006,thin,route_time,0.0036048999754711986,,
syn-303-thin-006,thin,distance_destination,0.0036048999754711986,,
syn-303-thin-007,thin,ml_logistic,0.0033113999816123396,3.3999967854470015e-06,2.412719099986134
syn-303-thin-007,thin,route_time,0.0033113999816123396,,
syn-303-thin-007,thin,distance_destination,0.0033113999816123396,,
syn-303-thin-008,thin,ml_logistic,0.0032845999812707305,3.0999945010989904e-06,2.412719099986134
syn-303-thin-008,thin,route_time,0.0032845999812707305,,
syn-303-thin-008,thin,distance_destination,0.0032845999812707305,,
syn-303-thin-009,thin,ml_logistic,0.002988499967614189,1.4599994756281376e-05,2.412719099986134
syn-303-thin-009,thin,route_time,0.002988499967614189,,
syn-303-thin-009,thin,distance_destination,0.002988499967614189,,
syn-303-thin-010,thin,ml_logistic,0.0027590000245254487,2.3900007363408804e-05,2.412719099986134
syn-303-thin-010,thin,route_time,0.0027590000245254487,,
syn-303-thin-010,thin,distance_destination,0.0027590000245254487,,
syn-303-thin-011,thin,ml_logistic,0.002407899999525398,2.2499996703118086e-05,2.412719099986134
syn-303-thin-011,thin,route_time,0.002407899999525398,,
syn-303-thin-011,thin,distance_destination,0.002407899999525398,,
syn-303-thin-012,thin,ml_logistic,0.0024935000110417604,2.6599998818710446e-05,2.412719099986134
syn-303-thin-012,thin,route_time,0.0024935000110417604,,
syn-303-thin-012,thin,distance_destination,0.0024935000110417604,,
syn-303-thin-013,thin,ml_logistic,0.001974600018002093,2.6299996534362435e-05,2.412719099986134
syn-303-thin-013,thin,route_time,0.001974600018002093,,
syn-303-thin-013,thin,distance_destination,0.001974600018002093,,
syn-303-thin-014,thin,ml_logistic,0.002719899988733232,2.3800006601959467e-05,2.412719099986134
syn-303-thin-014,thin,route_time,0.002719899988733232,,
syn-303-thin-014,thin,distance_destination,0.002719899988733232,,
syn-303-thin-015,thin,ml_logistic,0.0022819000005256385,2.0500010577961802e-05,2.412719099986134
syn-303-thin-015,thin,route_time,0.0022819000005256385,,
syn-303-thin-015,thin,distance_destination,0.0022819000005256385,,
syn-303-thin-016,thin,ml_logistic,0.0020790999988093972,1.479999627918005e-05,2.412719099986134
syn-303-thin-016,thin,route_time,0.0020790999988093972,,
syn-303-thin-016,thin,distance_destination,0.0020790999988093972,,
syn-303-thin-017,thin,ml_logistic,0.0020278999872971326,1.0100018698722124e-05,2.412719099986134
syn-303-thin-017,thin,route_time,0.0020278999872971326,,
syn-303-thin-017,thin,distance_destination,0.0020278999872971326,,
syn-303-thin-018,thin,ml_logistic,0.001943699986441061,4.6000059228390455e-06,2.412719099986134
syn-303-thin-018,thin,route_time,0.001943699986441061,,
syn-303-thin-018,thin,distance_destination,0.001943699986441061,,
syn-303-thin-019,thin,ml_logistic,0.0023006999981589615,3.00002284348011e-06,2.412719099986134
syn-303-thin-019,thin,route_time,0.0023006999981589615,,
syn-303-thin-019,thin,distance_destination,0.0023006999981589615,,
syn-303-balanced-000,balanced,ml_logistic,0.009102300013182685,3.659998765215278e-05,2.412719099986134
syn-303-balanced-000,balanced,route_time,0.009102300013182685,,
syn-303-balanced-000,balanced,distance_destination,0.009102300013182685,,
syn-303-balanced-001,balanced,ml_logistic,0.010766299994429573,3.71999922208488e-05,2.412719099986134
syn-303-balanced-001,balanced,route_time,0.010766299994429573,,
syn-303-balanced-001,balanced,distance_destination,0.010766299994429573,,
syn-303-balanced-002,balanced,ml_logistic,0.011131500010378659,3.470000228844583e-05,2.412719099986134
syn-303-balanced-002,balanced,route_time,0.011131500010378659,,
syn-303-balanced-002,balanced,distance_destination,0.011131500010378659,,
syn-303-balanced-003,balanced,ml_logistic,0.011012500006472692,3.3899996196851134e-05,2.412719099986134
syn-303-balanced-003,balanced,route_time,0.011012500006472692,,
syn-303-balanced-003,balanced,distance_destination,0.011012500006472692,,
syn-303-balanced-004,balanced,ml_logistic,0.010176400013733655,3.400002606213093e-05,2.412719099986134
syn-303-balanced-004,balanced,route_time,0.010176400013733655,,
syn-303-balanced-004,balanced,distance_destination,0.010176400013733655,,
syn-303-balanced-005,balanced,ml_logistic,0.01279670000076294,3.399999695830047e-05,2.412719099986134
syn-303-balanced-005,balanced,route_time,0.01279670000076294,,
syn-303-balanced-005,balanced,distance_destination,0.01279670000076294,,
syn-303-balanced-006,balanced,ml_logistic,0.011904500017408282,3.339999238960445e-05,2.412719099986134
syn-303-balanced-006,balanced,route_time,0.011904500017408282,,
syn-303-balanced-006,balanced,distance_destination,0.011904500017408282,,
syn-303-balanced-007,balanced,ml_logistic,0.011742799979401752,3.3499993151053786e-05,2.412719099986134
syn-303-balanced-007,balanced,route_time,0.011742799979401752,,
syn-303-balanced-007,balanced,distance_destination,0.011742799979401752,,
syn-303-balanced-008,balanced,ml_logistic,0.013200800021877512,3.23000131174922e-05,2.412719099986134
syn-303-balanced-008,balanced,route_time,0.013200800021877512,,
syn-303-balanced-008,balanced,distance_destination,0.013200800021877512,,
syn-303-balanced-009,balanced,ml_logistic,0.00884520000545308,3.359999391250312e-05,2.412719099986134
syn-303-balanced-009,balanced,route_time,0.00884520000545308,,
syn-303-balanced-009,balanced,distance_destination,0.00884520000545308,,
syn-303-balanced-010,balanced,ml_logistic,0.010074299992993474,3.339999238960445e-05,2.412719099986134
syn-303-balanced-010,balanced,route_time,0.010074299992993474,,
syn-303-balanced-010,balanced,distance_destination,0.010074299992993474,,
syn-303-balanced-011,balanced,ml_logistic,0.006841499969596043,3.320001997053623e-05,2.412719099986134
syn-303-balanced-011,balanced,route_time,0.006841499969596043,,
syn-303-balanced-011,balanced,distance_destination,0.006841499969596043,,
syn-303-balanced-012,balanced,ml_logistic,0.010163099999772385,3.350002225488424e-05,2.412719099986134
syn-303-balanced-012,balanced,route_time,0.010163099999772385,,
syn-303-balanced-012,balanced,distance_destination,0.010163099999772385,,
syn-303-balanced-013,balanced,ml_logistic,0.011704899981850758,3.470000228844583e-05,2.412719099986134
syn-303-balanced-013,balanced,route_time,0.011704899981850758,,
syn-303-balanced-013,balanced,distance_destination,0.011704899981850758,,
syn-303-balanced-014,balanced,ml_logistic,0.011431299994001165,3.329999162815511e-05,2.412719099986134
syn-303-balanced-014,balanced,route_time,0.011431299994001165,,
syn-303-balanced-014,balanced,distance_destination,0.011431299994001165,,
syn-303-balanced-015,balanced,ml_logistic,0.012353500031167641,3.159997868351638e-05,2.412719099986134
syn-303-balanced-015,balanced,route_time,0.012353500031167641,,
syn-303-balanced-015,balanced,distance_destination,0.012353500031167641,,
syn-303-balanced-016,balanced,ml_logistic,0.009222199994837865,3.130000550299883e-05,2.412719099986134
syn-303-balanced-016,balanced,route_time,0.009222199994837865,,
syn-303-balanced-016,balanced,distance_destination,0.009222199994837865,,
syn-303-balanced-017,balanced,ml_logistic,0.006185099977301434,3.229998401366174e-05,2.412719099986134
syn-303-balanced-017,balanced,route_time,0.006185099977301434,,
syn-303-balanced-017,balanced,distance_destination,0.006185099977301434,,
syn-303-balanced-018,balanced,ml_logistic,0.006185300007928163,3.519997699186206e-05,2.412719099986134
syn-303-balanced-018,balanced,route_time,0.006185300007928163,,
syn-303-balanced-018,balanced,distance_destination,0.006185300007928163,,
syn-303-balanced-019,balanced,ml_logistic,0.005897099996218458,3.409999771974981e-05,2.412719099986134
syn-303-balanced-019,balanced,route_time,0.005897099996218458,,
syn-303-balanced-019,balanced,distance_destination,0.005897099996218458,,
syn-303-dense-000,dense,ml_logistic,0.012582399998791516,6.749999010935426e-05,2.412719099986134
syn-303-dense-000,dense,route_time,0.012582399998791516,,
syn-303-dense-000,dense,distance_destination,0.012582399998791516,,
syn-303-dense-001,dense,ml_logistic,0.012333299993770197,6.0999998822808266e-05,2.412719099986134
syn-303-dense-001,dense,route_time,0.012333299993770197,,
syn-303-dense-001,dense,distance_destination,0.012333299993770197,,
syn-303-dense-002,dense,ml_logistic,0.013005299988435581,6.019999273121357e-05,2.412719099986134
syn-303-dense-002,dense,route_time,0.013005299988435581,,
syn-303-dense-002,dense,distance_destination,0.013005299988435581,,
syn-303-dense-003,dense,ml_logistic,0.014683499990496784,6.199997733347118e-05,2.412719099986134
syn-303-dense-003,dense,route_time,0.014683499990496784,,
syn-303-dense-003,dense,distance_destination,0.014683499990496784,,
syn-303-dense-004,dense,ml_logistic,0.016292699961923063,5.8699981309473515e-05,2.412719099986134
syn-303-dense-004,dense,route_time,0.016292699961923063,,
syn-303-dense-004,dense,distance_destination,0.016292699961923063,,
syn-303-dense-005,dense,ml_logistic,0.01412409998010844,5.9399986639618874e-05,2.412719099986134
syn-303-dense-005,dense,route_time,0.01412409998010844,,
syn-303-dense-005,dense,distance_destination,0.01412409998010844,,
syn-303-dense-006,dense,ml_logistic,0.013164400006644428,5.980001878924668e-05,2.412719099986134
syn-303-dense-006,dense,route_time,0.013164400006644428,,
syn-303-dense-006,dense,distance_destination,0.013164400006644428,,
syn-303-dense-007,dense,ml_logistic,0.01277300002402626,6.0200021835044026e-05,2.412719099986134
syn-303-dense-007,dense,route_time,0.01277300002402626,,
syn-303-dense-007,dense,distance_destination,0.01277300002402626,,
syn-303-dense-008,dense,ml_logistic,0.012018000008538365,7.380000897683203e-05,2.412719099986134
syn-303-dense-008,dense,route_time,0.012018000008538365,,
syn-303-dense-008,dense,distance_destination,0.012018000008538365,,
syn-303-dense-009,dense,ml_logistic,0.012106499983929098,6.250001024454832e-05,2.412719099986134
syn-303-dense-009,dense,route_time,0.012106499983929098,,
syn-303-dense-009,dense,distance_destination,0.012106499983929098,,
syn-303-dense-010,dense,ml_logistic,0.012500100012402982,6.349998875521123e-05,2.412719099986134
syn-303-dense-010,dense,route_time,0.012500100012402982,,
syn-303-dense-010,dense,distance_destination,0.012500100012402982,,
syn-303-dense-011,dense,ml_logistic,0.01196529998560436,6.140000186860561e-05,2.412719099986134
syn-303-dense-011,dense,route_time,0.01196529998560436,,
syn-303-dense-011,dense,distance_destination,0.01196529998560436,,
syn-303-dense-012,dense,ml_logistic,0.011904299986781552,5.8699981309473515e-05,2.412719099986134
syn-303-dense-012,dense,route_time,0.011904299986781552,,
syn-303-dense-012,dense,distance_destination,0.011904299986781552,,
syn-303-dense-013,dense,ml_logistic,0.0118023999966681,6.209997809492052e-05,2.412719099986134
syn-303-dense-013,dense,route_time,0.0118023999966681,,
syn-303-dense-013,dense,distance_destination,0.0118023999966681,,
syn-303-dense-014,dense,ml_logistic,0.01207799997064285,5.91999851167202e-05,2.412719099986134
syn-303-dense-014,dense,route_time,0.01207799997064285,,
syn-303-dense-014,dense,distance_destination,0.01207799997064285,,
syn-303-dense-015,dense,ml_logistic,0.01291220003622584,6.079999729990959e-05,2.412719099986134
syn-303-dense-015,dense,route_time,0.01291220003622584,,
syn-303-dense-015,dense,distance_destination,0.01291220003622584,,
syn-303-dense-016,dense,ml_logistic,0.012395800004014745,6.009999196976423e-05,2.412719099986134
syn-303-dense-016,dense,route_time,0.012395800004014745,,
syn-303-dense-016,dense,distance_destination,0.012395800004014745,,
syn-303-dense-017,dense,ml_logistic,0.01346629997715354,6.0399994254112244e-05,2.412719099986134
syn-303-dense-017,dense,route_time,0.01346629997715354,,
syn-303-dense-017,dense,distance_destination,0.01346629997715354,,
syn-303-dense-018,dense,ml_logistic,0.024313499976415187,9.190000128000975e-05,2.412719099986134
syn-303-dense-018,dense,route_time,0.024313499976415187,,
syn-303-dense-018,dense,distance_destination,0.024313499976415187,,
syn-303-dense-019,dense,ml_logistic,0.023088399990228936,6.910000229254365e-05,2.412719099986134
syn-303-dense-019,dense,route_time,0.023088399990228936,,
syn-303-dense-019,dense,distance_destination,0.023088399990228936,,
