scenario,configuration,queries,zero_relevant_queries,precision_at_k_mean,recall_at_k_mean,ndcg_at_k_mean,coverage_mean,candidate_count_mean,eligible_count_mean,relevant_count_mean,relevant_lost_to_filter_mean
balanced,context_removed,60,7,0.4222222222222222,0.36037735849056607,0.5257853437485691,0.5,12.0,6.0,3.7,1.45
balanced,full,60,7,0.4222222222222222,0.36037735849056607,0.5257853437485691,0.5,12.0,6.0,3.7,1.45
balanced,route_removed,60,7,0.42777777777777776,0.35786163522012576,0.5497268582879667,0.5,12.0,6.0,3.7,1.45
balanced,temporal_removed,60,7,0.4222222222222222,0.37704402515723273,0.5026342180117669,0.5,12.0,6.0,3.7,1.45
dense,context_removed,60,7,0.5333333333333333,0.23340684472759946,0.6154877929595511,0.5,24.0,12.0,7.516666666666667,2.6166666666666667
dense,full,60,7,0.5333333333333333,0.23340684472759946,0.6154877929595511,0.5,24.0,12.0,7.516666666666667,2.6166666666666667
dense,route_removed,60,7,0.5444444444444444,0.23641604726510387,0.6401521842760123,0.5,24.0,12.0,7.516666666666667,2.6166666666666667
dense,temporal_removed,60,7,0.5111111111111111,0.2262188545207413,0.588924846203546,0.5,24.0,12.0,7.516666666666667,2.6166666666666667
thin,context_removed,60,19,0.22777777777777777,0.6138211382113822,0.5305744642296635,0.525,4.0,2.1,1.1666666666666667,0.43333333333333335
thin,full,60,19,0.22777777777777777,0.6138211382113822,0.5305744642296635,0.525,4.0,2.1,1.1666666666666667,0.43333333333333335
thin,route_removed,60,19,0.22777777777777777,0.6138211382113822,0.5543665860727566,0.525,4.0,2.1,1.1666666666666667,0.43333333333333335
thin,temporal_removed,60,19,0.23333333333333334,0.6382113821138211,0.5299433074896027,0.525,4.0,2.1,1.1666666666666667,0.43333333333333335
