query_id,seed,scenario,configuration,candidate_generation_seconds,ranking_seconds
syn-11-thin-000,11,thin,full,0.008637799997814,4.3400010326877236e-05
syn-11-thin-000,11,thin,route_removed,0.008637799997814,2.8399983420968056e-05
syn-11-thin-000,11,thin,temporal_removed,0.008637799997814,1.920000067912042e-05
syn-11-thin-000,11,thin,context_removed,0.008637799997814,1.7399986973032355e-05
syn-11-thin-001,11,thin,full,0.005711700010579079,3.010002546943724e-05
syn-11-thin-001,11,thin,route_removed,0.005711700010579079,1.990000600926578e-05
syn-11-thin-001,11,thin,temporal_removed,0.005711700010579079,0.00011860000086016953
syn-11-thin-001,11,thin,context_removed,0.005711700010579079,4.3800013372674584e-05
syn-11-thin-002,11,thin,full,0.009010400041006505,3.880000440403819e-05
syn-11-thin-002,11,thin,route_removed,0.009010400041006505,0.00014290001126937568
syn-11-thin-002,11,thin,temporal_removed,0.009010400041006505,3.4500000765547156e-05
syn-11-thin-002,11,thin,context_removed,0.009010400041006505,2.2599997464567423e-05
syn-11-thin-003,11,thin,full,0.006969999987632036,4.499999340623617e-05
syn-11-thin-003,11,thin,route_removed,0.006969999987632036,3.0399998649954796e-05
syn-11-thin-003,11,thin,temporal_removed,0.006969999987632036,2.4500011932104826e-05
syn-11-thin-003,11,thin,context_removed,0.006969999987632036,2.4999986635521054e-05
syn-11-thin-004,11,thin,full,0.005684800009476021,2.139998832717538e-05
syn-11-thin-004,11,thin,route_removed,0.005684800009476021,1.550000160932541e-05
syn-11-thin-004,11,thin,temporal_removed,0.005684800009476021,1.200000406242907e-05
syn-11-thin-004,11,thin,context_removed,0.005684800009476021,1.170000177808106e-05
syn-11-thin-005,11,thin,full,0.005572699970798567,2.160001895390451e-05
syn-11-thin-005,11,thin,route_removed,0.005572699970798567,1.3300013961270452e-05
syn-11-thin-005,11,thin,temporal_removed,0.005572699970798567,9.400013368576765e-06
syn-11-thin-005,11,thin,context_removed,0.005572699970798567,8.90000956133008e-06
syn-11-thin-006,11,thin,full,0.004555199993774295,1.0000017937272787e-05
syn-11-thin-006,11,thin,route_removed,0.004555199993774295,8.700008038431406e-06
syn-11-thin-006,11,thin,temporal_removed,0.004555199993774295,6.799993570894003e-06
syn-11-thin-006,11,thin,context_removed,0.004555199993774295,5.89998671784997e-06
syn-11-thin-007,11,thin,full,0.0045310000132303685,9.299983503296971e-06
syn-11-thin-007,11,thin,route_removed,0.0045310000132303685,7.199996616691351e-06
syn-11-thin-007,11,thin,temporal_removed,0.0045310000132303685,7.199996616691351e-06
syn-11-thin-007,11,thin,context_removed,0.0045310000132303685,6.299989763647318e-06
syn-11-thin-008,11,thin,full,0.004751699976623058,1.3499986380338669e-05
syn-11-thin-008,11,thin,route_removed,0.004751699976623058,8.200004231184721e-06
syn-11-thin-008,11,thin,temporal_removed,0.004751699976623058,5.599984433501959e-06
syn-11-thin-008,11,thin,context_removed,0.004751699976623058,5.700014298781753e-06
syn-11-thin-009,11,thin,full,0.006017299980157986,2.1299987565726042e-05
syn-11-thin-009,11,thin,route_removed,0.006017299980157986,1.4999997802078724e-05
syn-11-thin-009,11,thin,temporal_removed,0.006017299980157986,9.799987310543656e-06
syn-11-thin-009,11,thin,context_removed,0.006017299980157986,9.000010322779417e-06
syn-11-thin-010,11,thin,full,0.004714200011221692,2.099998528137803e-05
syn-11-thin-010,11,thin,route_removed,0.004714200011221692,1.300001167692244e-05
syn-11-thin-010,11,thin,temporal_removed,0.004714200011221692,1.1500000255182385e-05
syn-11-thin-010,11,thin,context_removed,0.004714200011221692,1.0799994925037026e-05
syn-11-thin-011,11,thin,full,0.006916799960890785,2.850001328624785e-05
syn-11-thin-011,11,thin,route_removed,0.006916799960890785,1.819999306462705e-05
syn-11-thin-011,11,thin,temporal_removed,0.006916799960890785,1.4499993994832039e-05
syn-11-thin-011,11,thin,context_removed,0.006916799960890785,1.5099998563528061e-05
syn-11-thin-012,11,thin,full,0.0045686999801546335,2.3100001271814108e-05
syn-11-thin-012,11,thin,route_removed,0.0045686999801546335,1.8200022168457508e-05
syn-11-thin-012,11,thin,temporal_removed,0.0045686999801546335,1.58999755512923e-05
syn-11-thin-012,11,thin,context_removed,0.0045686999801546335,1.5700003132224083e-05
syn-11-thin-013,11,thin,full,0.00459750002482906,2.1199986804276705e-05
syn-11-thin-013,11,thin,route_removed,0.00459750002482906,1.610000617802143e-05
syn-11-thin-013,11,thin,temporal_removed,0.00459750002482906,1.6900012269616127e-05
syn-11-thin-013,11,thin,context_removed,0.00459750002482906,1.6399979358538985e-05
syn-11-thin-014,11,thin,full,0.0048185999621637166,2.269999822601676e-05
syn-11-thin-014,11,thin,route_removed,0.0048185999621637166,1.7600017599761486e-05
syn-11-thin-014,11,thin,temporal_removed,0.0048185999621637166,1.550000160932541e-05
syn-11-thin-014,11,thin,context_removed,0.0048185999621637166,1.6200006939470768e-05
syn-11-thin-015,11,thin,full,0.0063424000109080225,5.780000356025994e-05
syn-11-thin-015,11,thin,route_removed,0.0063424000109080225,3.0199997127056122e-05
syn-11-thin-015,11,thin,temporal_removed,0.0063424000109080225,2.3500004317611456e-05
syn-11-thin-015,11,thin,context_removed,0.0063424000109080225,2.509998739697039e-05
syn-11-thin-016,11,thin,full,0.008921000000555068,5.0700007705017924e-05
syn-11-thin-016,11,thin,route_removed,0.008921000000555068,2.609999501146376e-05
syn-11-thin-016,11,thin,temporal_removed,0.008921000000555068,2.2100022761151195e-05
syn-11-thin-016,11,thin,context_removed,0.008921000000555068,2.1100015146657825e-05
syn-11-thin-017,11,thin,full,0.005680700007360429,2.3200002033263445e-05
syn-11-thin-017,11,thin,route_removed,0.005680700007360429,1.3499986380338669e-05
syn-11-thin-017,11,thin,temporal_removed,0.005680700007360429,1.09999964479357e-05
syn-11-thin-017,11,thin,context_removed,0.005680700007360429,8.500006515532732e-06
syn-11-thin-018,11,thin,full,0.006164599966723472,1.719998545013368e-05
syn-11-thin-018,11,thin,route_removed,0.006164599966723472,1.1500000255182385e-05
syn-11-thin-018,11,thin,temporal_removed,0.006164599966723472,7.800001185387373e-06
syn-11-thin-018,11,thin,context_removed,0.006164599966723472,5.999987479299307e-06
syn-11-thin-019,11,thin,full,0.004568000003928319,1.0400020983070135e-05
syn-11-thin-019,11,thin,route_removed,0.004568000003928319,8.000002708286047e-06
syn-11-thin-019,11,thin,temporal_removed,0.004568000003928319,5.700014298781753e-06
syn-11-thin-019,11,thin,context_removed,0.004568000003928319,4.999979864805937e-06
syn-11-balanced-000,11,balanced,full,0.02224769999156706,3.890000516548753e-05
syn-11-balanced-000,11,balanced,route_removed,0.02224769999156706,2.5699991965666413e-05
syn-11-balanced-000,11,balanced,temporal_removed,0.02224769999156706,2.1799991372972727e-05
syn-11-balanced-000,11,balanced,context_removed,0.02224769999156706,2.1299987565726042e-05
syn-11-balanced-001,11,balanced,full,0.020272399997338653,3.630001447163522e-05
syn-11-balanced-001,11,balanced,route_removed,0.020272399997338653,2.4500011932104826e-05
syn-11-balanced-001,11,balanced,temporal_removed,0.020272399997338653,2.0400009816512465e-05
syn-11-balanced-001,11,balanced,context_removed,0.020272399997338653,2.1099986042827368e-05
syn-11-balanced-002,11,balanced,full,0.01776419999077916,5.870001041330397e-05
syn-11-balanced-002,11,balanced,route_removed,0.01776419999077916,4.149999585933983e-05
syn-11-balanced-002,11,balanced,temporal_removed,0.01776419999077916,3.659998765215278e-05
syn-11-balanced-002,11,balanced,context_removed,0.01776419999077916,3.789999755099416e-05
syn-11-balanced-003,11,balanced,full,0.02484800000092946,3.770002513192594e-05
syn-11-balanced-003,11,balanced,route_removed,0.02484800000092946,2.5699991965666413e-05
syn-11-balanced-003,11,balanced,temporal_removed,0.02484800000092946,3.700001980178058e-05
syn-11-balanced-003,11,balanced,context_removed,0.02484800000092946,2.239999594166875e-05
syn-11-balanced-004,11,balanced,full,0.01747990000876598,4.0000013541430235e-05
syn-11-balanced-004,11,balanced,route_removed,0.01747990000876598,2.440001117065549e-05
syn-11-balanced-004,11,balanced,temporal_removed,0.01747990000876598,2.0400009816512465e-05
syn-11-balanced-004,11,balanced,context_removed,0.01747990000876598,8.669999078847468e-05
syn-11-balanced-005,11,balanced,full,0.015427500038640574,4.579999949783087e-05
syn-11-balanced-005,11,balanced,route_removed,0.015427500038640574,2.4800014216452837e-05
syn-11-balanced-005,11,balanced,temporal_removed,0.015427500038640574,2.0499981474131346e-05
syn-11-balanced-005,11,balanced,context_removed,0.015427500038640574,2.3500004317611456e-05
syn-11-balanced-006,11,balanced,full,0.021330099989427254,3.730002208612859e-05
syn-11-balanced-006,11,balanced,route_removed,0.021330099989427254,2.4800014216452837e-05
syn-11-balanced-006,11,balanced,temporal_removed,0.021330099989427254,2.1100015146657825e-05
syn-11-balanced-006,11,balanced,context_removed,0.021330099989427254,2.1100015146657825e-05
syn-11-balanced-007,11,balanced,full,0.020777200028533116,3.71999922208488e-05
syn-11-balanced-007,11,balanced,route_removed,0.020777200028533116,4.400001489557326e-05
syn-11-balanced-007,11,balanced,temporal_removed,0.020777200028533116,2.2799998987466097e-05
syn-11-balanced-007,11,balanced,context_removed,0.020777200028533116,2.2099993657320738e-05
syn-11-balanced-008,11,balanced,full,0.019395999988773838,3.679998917505145e-05
syn-11-balanced-008,11,balanced,route_removed,0.019395999988773838,2.5399989681318402e-05
syn-11-balanced-008,11,balanced,temporal_removed,0.019395999988773838,2.1100015146657825e-05
syn-11-balanced-008,11,balanced,context_removed,0.019395999988773838,2.1000014385208488e-05
syn-11-balanced-009,11,balanced,full,0.01510039999266155,3.980001201853156e-05
syn-11-balanced-009,11,balanced,route_removed,0.01510039999266155,2.4300010409206152e-05
syn-11-balanced-009,11,balanced,temporal_removed,0.01510039999266155,2.1099986042827368e-05
syn-11-balanced-009,11,balanced,context_removed,0.01510039999266155,2.3100001271814108e-05
syn-11-balanced-010,11,balanced,full,0.022187500027939677,5.6800025049597025e-05
syn-11-balanced-010,11,balanced,route_removed,0.022187500027939677,4.1399995097890496e-05
syn-11-balanced-010,11,balanced,temporal_removed,0.022187500027939677,3.740002284757793e-05
syn-11-balanced-010,11,balanced,context_removed,0.022187500027939677,3.860000288113952e-05
syn-11-balanced-011,11,balanced,full,0.022854899987578392,3.579998156055808e-05
syn-11-balanced-011,11,balanced,route_removed,0.022854899987578392,2.409997978247702e-05
syn-11-balanced-011,11,balanced,temporal_removed,0.022854899987578392,2.1299987565726042e-05
syn-11-balanced-011,11,balanced,context_removed,0.022854899987578392,2.1000014385208488e-05
syn-11-balanced-012,11,balanced,full,0.018737300008069724,6.009999196976423e-05
syn-11-balanced-012,11,balanced,route_removed,0.018737300008069724,4.1799998143687844e-05
syn-11-balanced-012,11,balanced,temporal_removed,0.018737300008069724,3.809999907389283e-05
syn-11-balanced-012,11,balanced,context_removed,0.018737300008069724,3.950000973418355e-05
syn-11-balanced-013,11,balanced,full,0.0215289999905508,5.319999763742089e-05
syn-11-balanced-013,11,balanced,route_removed,0.0215289999905508,4.119999357499182e-05
syn-11-balanced-013,11,balanced,temporal_removed,0.0215289999905508,3.759999526664615e-05
syn-11-balanced-013,11,balanced,context_removed,0.0215289999905508,3.739999374374747e-05
syn-11-balanced-014,11,balanced,full,0.01823570000124164,8.850000449456275e-05
syn-11-balanced-014,11,balanced,route_removed,0.01823570000124164,3.37999954354018e-05
syn-11-balanced-014,11,balanced,temporal_removed,0.01823570000124164,2.5699991965666413e-05
syn-11-balanced-014,11,balanced,context_removed,0.01823570000124164,2.81000102404505e-05
syn-11-balanced-015,11,balanced,full,0.02253939997171983,6.120000034570694e-05
syn-11-balanced-015,11,balanced,route_removed,0.02253939997171983,4.230000195093453e-05
syn-11-balanced-015,11,balanced,temporal_removed,0.02253939997171983,3.6299985367804766e-05
syn-11-balanced-015,11,balanced,context_removed,0.02253939997171983,3.919997834600508e-05
syn-11-balanced-016,11,balanced,full,0.017895500001031905,3.6299985367804766e-05
syn-11-balanced-016,11,balanced,route_removed,0.017895500001031905,2.4200009647756815e-05
syn-11-balanced-016,11,balanced,temporal_removed,0.017895500001031905,2.0499981474131346e-05
syn-11-balanced-016,11,balanced,context_removed,0.017895500001031905,2.139998832717538e-05
syn-11-balanced-017,11,balanced,full,0.018866200000047684,5.780000356025994e-05
syn-11-balanced-017,11,balanced,route_removed,0.018866200000047684,4.1799998143687844e-05
syn-11-balanced-017,11,balanced,temporal_removed,0.018866200000047684,3.7999998312443495e-05
syn-11-balanced-017,11,balanced,context_removed,0.018866200000047684,3.8700003642588854e-05
syn-11-balanced-018,11,balanced,full,0.019018899998627603,3.759999526664615e-05
syn-11-balanced-018,11,balanced,route_removed,0.019018899998627603,2.5399989681318402e-05
syn-11-balanced-018,11,balanced,temporal_removed,0.019018899998627603,2.099998528137803e-05
syn-11-balanced-018,11,balanced,context_removed,0.019018899998627603,2.099998528137803e-05
syn-11-balanced-019,11,balanced,full,0.014972799981478602,3.709999145939946e-05
syn-11-balanced-019,11,balanced,route_removed,0.014972799981478602,2.509998739697039e-05
syn-11-balanced-019,11,balanced,temporal_removed,0.014972799981478602,2.139998832717538e-05
syn-11-balanced-019,11,balanced,context_removed,0.014972799981478602,2.120001590810716e-05
syn-11-dense-000,11,dense,full,0.04366849997313693,5.339999916031957e-05
syn-11-dense-000,11,dense,route_removed,0.04366849997313693,3.850000211969018e-05
syn-11-dense-000,11,dense,temporal_removed,0.04366849997313693,3.3499993151053786e-05
syn-11-dense-000,11,dense,context_removed,0.04366849997313693,3.689998993650079e-05
syn-11-dense-001,11,dense,full,0.03692860002047382,5.49999822396785e-05
syn-11-dense-001,11,dense,route_removed,0.03692860002047382,3.7999998312443495e-05
syn-11-dense-001,11,dense,temporal_removed,0.03692860002047382,3.369999467395246e-05
syn-11-dense-001,11,dense,context_removed,0.03692860002047382,3.609998384490609e-05
syn-11-dense-002,11,dense,full,0.04389890001039021,8.040000102482736e-05
syn-11-dense-002,11,dense,route_removed,0.04389890001039021,3.960001049563289e-05
syn-11-dense-002,11,dense,temporal_removed,0.04389890001039021,3.4900003811344504e-05
syn-11-dense-002,11,dense,context_removed,0.04389890001039021,3.6500015994533896e-05
syn-11-dense-003,11,dense,full,0.042345099995145574,9.769998723641038e-05
syn-11-dense-003,11,dense,route_removed,0.042345099995145574,6.690001464448869e-05
syn-11-dense-003,11,dense,temporal_removed,0.042345099995145574,6.379999103955925e-05
syn-11-dense-003,11,dense,context_removed,0.042345099995145574,7.229999755509198e-05
syn-11-dense-004,11,dense,full,0.049682999990182,8.609998621977866e-05
syn-11-dense-004,11,dense,route_removed,0.049682999990182,0.0005662000039592385
syn-11-dense-004,11,dense,temporal_removed,0.049682999990182,0.00040190000436268747
syn-11-dense-004,11,dense,context_removed,0.049682999990182,0.0006367999885696918
syn-11-dense-005,11,dense,full,0.03941249998752028,7.840001489967108e-05
syn-11-dense-005,11,dense,route_removed,0.03941249998752028,5.8900011936202645e-05
syn-11-dense-005,11,dense,temporal_removed,0.03941249998752028,5.15999854542315e-05
syn-11-dense-005,11,dense,context_removed,0.03941249998752028,7.450001430697739e-05
syn-11-dense-006,11,dense,full,0.044235700013814494,8.030000026337802e-05
syn-11-dense-006,11,dense,route_removed,0.044235700013814494,6.690001464448869e-05
syn-11-dense-006,11,dense,temporal_removed,0.044235700013814494,6.700001540593803e-05
syn-11-dense-006,11,dense,context_removed,0.044235700013814494,5.370000144466758e-05
syn-11-dense-007,11,dense,full,0.048603200004436076,8.980001439340413e-05
syn-11-dense-007,11,dense,route_removed,0.048603200004436076,6.9500005338341e-05
syn-11-dense-007,11,dense,temporal_removed,0.048603200004436076,6.44999963697046e-05
syn-11-dense-007,11,dense,context_removed,0.048603200004436076,7.129998994059861e-05
syn-11-dense-008,11,dense,full,0.05090789997484535,9.369998588226736e-05
syn-11-dense-008,11,dense,route_removed,0.05090789997484535,6.699998630210757e-05
syn-11-dense-008,11,dense,temporal_removed,0.05090789997484535,5.9999991208314896e-05
syn-11-dense-008,11,dense,context_removed,0.05090789997484535,6.600000779144466e-05
syn-11-dense-009,11,dense,full,0.032407899998361245,8.950001210905612e-05
syn-11-dense-009,11,dense,route_removed,0.032407899998361245,6.710001616738737e-05
syn-11-dense-009,11,dense,temporal_removed,0.032407899998361245,6.160000339150429e-05
syn-11-dense-009,11,dense,context_removed,0.032407899998361245,4.75000124424696e-05
syn-11-dense-010,11,dense,full,0.029595400003017858,5.370000144466758e-05
syn-11-dense-010,11,dense,route_removed,0.029595400003017858,3.759999526664615e-05
syn-11-dense-010,11,dense,temporal_removed,0.029595400003017858,3.4199998481199145e-05
syn-11-dense-010,11,dense,context_removed,0.029595400003017858,3.5200006095692515e-05
syn-11-dense-011,11,dense,full,0.03467140000429936,5.120001151226461e-05
syn-11-dense-011,11,dense,route_removed,0.03467140000429936,3.779999678954482e-05
syn-11-dense-011,11,dense,temporal_removed,0.03467140000429936,3.359999391250312e-05
syn-11-dense-011,11,dense,context_removed,0.03467140000429936,3.5600009141489863e-05
syn-11-dense-012,11,dense,full,0.036157599970465526,8.689999231137335e-05
syn-11-dense-012,11,dense,route_removed,0.036157599970465526,6.459999713115394e-05
syn-11-dense-012,11,dense,temporal_removed,0.036157599970465526,5.629999213851988e-05
syn-11-dense-012,11,dense,context_removed,0.036157599970465526,6.009999196976423e-05
syn-11-dense-013,11,dense,full,0.06149510000250302,5.2799994591623545e-05
syn-11-dense-013,11,dense,route_removed,0.06149510000250302,3.9399979868903756e-05
syn-11-dense-013,11,dense,temporal_removed,0.06149510000250302,3.359999391250312e-05
syn-11-dense-013,11,dense,context_removed,0.06149510000250302,3.689998993650079e-05
syn-11-dense-014,11,dense,full,0.03960940000251867,5.420000525191426e-05
syn-11-dense-014,11,dense,route_removed,0.03960940000251867,4.859999171458185e-05
syn-11-dense-014,11,dense,temporal_removed,0.03960940000251867,4.569999873638153e-05
syn-11-dense-014,11,dense,context_removed,0.03960940000251867,3.71999922208488e-05
syn-11-dense-015,11,dense,full,0.04249339996022172,5.4199976148083806e-05
syn-11-dense-015,11,dense,route_removed,0.04249339996022172,3.929997910745442e-05
syn-11-dense-015,11,dense,temporal_removed,0.04249339996022172,4.730001091957092e-05
syn-11-dense-015,11,dense,context_removed,0.04249339996022172,4.850002005696297e-05
syn-11-dense-016,11,dense,full,0.04273070002091117,8.520000847056508e-05
syn-11-dense-016,11,dense,route_removed,0.04273070002091117,6.740001845173538e-05
syn-11-dense-016,11,dense,temporal_removed,0.04273070002091117,6.049999501556158e-05
syn-11-dense-016,11,dense,context_removed,0.04273070002091117,6.669998401775956e-05
syn-11-dense-017,11,dense,full,0.038037900027120486,5.319999763742089e-05
syn-11-dense-017,11,dense,route_removed,0.038037900027120486,3.809999907389283e-05
syn-11-dense-017,11,dense,temporal_removed,0.038037900027120486,3.409999771974981e-05
syn-11-dense-017,11,dense,context_removed,0.038037900027120486,5.5199983762577176e-05
syn-11-dense-018,11,dense,full,0.03228090002085082,5.23999915458262e-05
syn-11-dense-018,11,dense,route_removed,0.03228090002085082,3.7699996028095484e-05
syn-11-dense-018,11,dense,temporal_removed,0.03228090002085082,3.339999238960445e-05
syn-11-dense-018,11,dense,context_removed,0.03228090002085082,3.709999145939946e-05
syn-11-dense-019,11,dense,full,0.03245870000682771,5.2799994591623545e-05
syn-11-dense-019,11,dense,route_removed,0.03245870000682771,3.7999998312443495e-05
syn-11-dense-019,11,dense,temporal_removed,0.03245870000682771,3.3800024539232254e-05
syn-11-dense-019,11,dense,context_removed,0.03245870000682771,3.5699980799108744e-05
syn-29-thin-000,29,thin,full,0.007416399952489883,3.2400013878941536e-05
syn-29-thin-000,29,thin,route_removed,0.007416399952489883,2.1099986042827368e-05
syn-29-thin-000,29,thin,temporal_removed,0.007416399952489883,1.6699981642886996e-05
syn-29-thin-000,29,thin,context_removed,0.007416399952489883,1.999997766688466e-05
syn-29-thin-001,29,thin,full,0.010813999979291111,3.170000854879618e-05
syn-29-thin-001,29,thin,route_removed,0.010813999979291111,2.0000006770715117e-05
syn-29-thin-001,29,thin,temporal_removed,0.010813999979291111,1.6600009985268116e-05
syn-29-thin-001,29,thin,context_removed,0.010813999979291111,1.6999983927235007e-05
syn-29-thin-002,29,thin,full,0.006813999963924289,3.29999893438071e-05
syn-29-thin-002,29,thin,route_removed,0.006813999963924289,2.1100015146657825e-05
syn-29-thin-002,29,thin,temporal_removed,0.006813999963924289,1.610000617802143e-05
syn-29-thin-002,29,thin,context_removed,0.006813999963924289,1.610000617802143e-05
syn-29-thin-003,29,thin,full,0.005848000000696629,2.5600020308047533e-05
syn-29-thin-003,29,thin,route_removed,0.005848000000696629,1.7699989257380366e-05
syn-29-thin-003,29,thin,temporal_removed,0.005848000000696629,1.5300000086426735e-05
syn-29-thin-003,29,thin,context_removed,0.005848000000696629,1.610000617802143e-05
syn-29-thin-004,29,thin,full,0.009839000005740672,3.060000017285347e-05
syn-29-thin-004,29,thin,route_removed,0.009839000005740672,1.7400016076862812e-05
syn-29-thin-004,29,thin,temporal_removed,0.009839000005740672,1.2399978004395962e-05
syn-29-thin-004,29,thin,context_removed,0.009839000005740672,1.4300021575763822e-05
syn-29-thin-005,29,thin,full,0.006855999992694706,1.650000922381878e-05
syn-29-thin-005,29,thin,route_removed,0.006855999992694706,1.1600001016631722e-05
syn-29-thin-005,29,thin,temporal_removed,0.006855999992694706,8.500006515532732e-06
syn-29-thin-005,29,thin,context_removed,0.006855999992694706,0.0001610000035725534
syn-29-thin-006,29,thin,full,0.007835199998226017,1.7799990018829703e-05
syn-29-thin-006,29,thin,route_removed,0.007835199998226017,1.1299998732283711e-05
syn-29-thin-006,29,thin,temporal_removed,0.007835199998226017,7.499998901039362e-06
syn-29-thin-006,29,thin,context_removed,0.007835199998226017,5.900015821680427e-06
syn-29-thin-007,29,thin,full,0.007500899984734133,2.19999928958714e-05
syn-29-thin-007,29,thin,route_removed,0.007500899984734133,1.4600023860111833e-05
syn-29-thin-007,29,thin,temporal_removed,0.007500899984734133,9.599985787644982e-06
syn-29-thin-007,29,thin,context_removed,0.007500899984734133,9.299983503296971e-06
syn-29-thin-008,29,thin,full,0.007487099996069446,2.2599997464567423e-05
syn-29-thin-008,29,thin,route_removed,0.007487099996069446,1.7399986973032355e-05
syn-29-thin-008,29,thin,temporal_removed,0.007487099996069446,1.1299998732283711e-05
syn-29-thin-008,29,thin,context_removed,0.007487099996069446,8.399976650252938e-06
syn-29-thin-009,29,thin,full,0.007497199985664338,2.910001785494387e-05
syn-29-thin-009,29,thin,route_removed,0.007497199985664338,2.0000006770715117e-05
syn-29-thin-009,29,thin,temporal_removed,0.007497199985664338,1.4999997802078724e-05
syn-29-thin-009,29,thin,context_removed,0.007497199985664338,1.4299992471933365e-05
syn-29-thin-010,29,thin,full,0.008277200016891584,4.260000423528254e-05
syn-29-thin-010,29,thin,route_removed,0.008277200016891584,1.7499987734481692e-05
syn-29-thin-010,29,thin,temporal_removed,0.008277200016891584,1.2500007869675756e-05
syn-29-thin-010,29,thin,context_removed,0.008277200016891584,1.2500007869675756e-05
syn-29-thin-011,29,thin,full,0.0075597999966703355,4.050001734867692e-05
syn-29-thin-011,29,thin,route_removed,0.0075597999966703355,2.9099988751113415e-05
syn-29-thin-011,29,thin,temporal_removed,0.0075597999966703355,2.3300002794712782e-05
syn-29-thin-011,29,thin,context_removed,0.0075597999966703355,2.300000051036477e-05
syn-29-thin-012,29,thin,full,0.007423100003506988,2.7600006433203816e-05
syn-29-thin-012,29,thin,route_removed,0.007423100003506988,1.8999999156221747e-05
syn-29-thin-012,29,thin,temporal_removed,0.007423100003506988,1.650000922381878e-05
syn-29-thin-012,29,thin,context_removed,0.007423100003506988,1.6400008462369442e-05
syn-29-thin-013,29,thin,full,0.014101200009463355,4.81999886687845e-05
syn-29-thin-013,29,thin,route_removed,0.014101200009463355,2.7900008717551827e-05
syn-29-thin-013,29,thin,temporal_removed,0.014101200009463355,2.649999805726111e-05
syn-29-thin-013,29,thin,context_removed,0.014101200009463355,2.8099981136620045e-05
syn-29-thin-014,29,thin,full,0.011080099997343495,4.6999979531392455e-05
syn-29-thin-014,29,thin,route_removed,0.011080099997343495,3.1499977922067046e-05
syn-29-thin-014,29,thin,temporal_removed,0.011080099997343495,2.7499976567924023e-05
syn-29-thin-014,29,thin,context_removed,0.011080099997343495,2.7700007194653153e-05
syn-29-thin-015,29,thin,full,0.009413399995537475,2.3600005079060793e-05
syn-29-thin-015,29,thin,route_removed,0.009413399995537475,1.4900026144459844e-05
syn-29-thin-015,29,thin,temporal_removed,0.009413399995537475,1.1600001016631722e-05
syn-29-thin-015,29,thin,context_removed,0.009413399995537475,1.1600001016631722e-05
syn-29-thin-016,29,thin,full,0.004736000002594665,1.8799997633323073e-05
syn-29-thin-016,29,thin,route_removed,0.004736000002594665,1.2600008631125093e-05
syn-29-thin-016,29,thin,temporal_removed,0.004736000002594665,1.0100018698722124e-05
syn-29-thin-016,29,thin,context_removed,0.004736000002594665,8.700008038431406e-06
syn-29-thin-017,29,thin,full,0.005914000037591904,2.9699993319809437e-05
syn-29-thin-017,29,thin,route_removed,0.005914000037591904,2.039998071268201e-05
syn-29-thin-017,29,thin,temporal_removed,0.005914000037591904,1.6300007700920105e-05
syn-29-thin-017,29,thin,context_removed,0.005914000037591904,1.4299992471933365e-05
syn-29-thin-018,29,thin,full,0.011977999994996935,2.099998528137803e-05
syn-29-thin-018,29,thin,route_removed,0.011977999994996935,1.5099998563528061e-05
syn-29-thin-018,29,thin,temporal_removed,0.011977999994996935,1.09999964479357e-05
syn-29-thin-018,29,thin,context_removed,0.011977999994996935,9.500014130026102e-06
syn-29-thin-019,29,thin,full,0.005876500013982877,1.759998849593103e-05
syn-29-thin-019,29,thin,route_removed,0.005876500013982877,1.2300006346777081e-05
syn-29-thin-019,29,thin,temporal_removed,0.005876500013982877,9.499985026195645e-06
syn-29-thin-019,29,thin,context_removed,0.005876500013982877,9.400013368576765e-06
syn-29-balanced-000,29,balanced,full,0.01816430001053959,3.6999990697950125e-05
syn-29-balanced-000,29,balanced,route_removed,0.01816430001053959,2.4399982066825032e-05
syn-29-balanced-000,29,balanced,temporal_removed,0.01816430001053959,2.0899984519928694e-05
syn-29-balanced-000,29,balanced,context_removed,0.01816430001053959,2.1000014385208488e-05
syn-29-balanced-001,29,balanced,full,0.014254700014134869,3.680001827888191e-05
syn-29-balanced-001,29,balanced,route_removed,0.014254700014134869,2.479998511262238e-05
syn-29-balanced-001,29,balanced,temporal_removed,0.014254700014134869,2.0800012862309813e-05
syn-29-balanced-001,29,balanced,context_removed,0.014254700014134869,2.1100015146657825e-05
syn-29-balanced-002,29,balanced,full,0.018547800020314753,4.0399987483397126e-05
syn-29-balanced-002,29,balanced,route_removed,0.018547800020314753,2.6599998818710446e-05
syn-29-balanced-002,29,balanced,temporal_removed,0.018547800020314753,2.4200009647756815e-05
syn-29-balanced-002,29,balanced,context_removed,0.018547800020314753,2.3300002794712782e-05
syn-29-balanced-003,29,balanced,full,0.0150011999940034,3.7299992982298136e-05
syn-29-balanced-003,29,balanced,route_removed,0.0150011999940034,2.4899985874071717e-05
syn-29-balanced-003,29,balanced,temporal_removed,0.0150011999940034,2.0400009816512465e-05
syn-29-balanced-003,29,balanced,context_removed,0.0150011999940034,2.1199986804276705e-05
syn-29-balanced-004,29,balanced,full,0.014415800018468872,3.250001464039087e-05
syn-29-balanced-004,29,balanced,route_removed,0.014415800018468872,2.3499975213781e-05
syn-29-balanced-004,29,balanced,temporal_removed,0.014415800018468872,2.1099986042827368e-05
syn-29-balanced-004,29,balanced,context_removed,0.014415800018468872,2.1499989088624716e-05
syn-29-balanced-005,29,balanced,full,0.015391799999633804,3.57000099029392e-05
syn-29-balanced-005,29,balanced,route_removed,0.015391799999633804,2.4899985874071717e-05
syn-29-balanced-005,29,balanced,temporal_removed,0.015391799999633804,2.0800012862309813e-05
syn-29-balanced-005,29,balanced,context_removed,0.015391799999633804,2.1500018192455173e-05
syn-29-balanced-006,29,balanced,full,0.01567829999839887,3.5600009141489863e-05
syn-29-balanced-006,29,balanced,route_removed,0.01567829999839887,2.4699984351173043e-05
syn-29-balanced-006,29,balanced,temporal_removed,0.01567829999839887,2.1000014385208488e-05
syn-29-balanced-006,29,balanced,context_removed,0.01567829999839887,2.0800012862309813e-05
syn-29-balanced-007,29,balanced,full,0.014972499979194254,3.7200021324679255e-05
syn-29-balanced-007,29,balanced,route_removed,0.014972499979194254,2.4599983589723706e-05
syn-29-balanced-007,29,balanced,temporal_removed,0.014972499979194254,2.13000166695565e-05
syn-29-balanced-007,29,balanced,context_removed,0.014972499979194254,2.1199986804276705e-05
syn-29-balanced-008,29,balanced,full,0.01865360004012473,3.819999983534217e-05
syn-29-balanced-008,29,balanced,route_removed,0.01865360004012473,2.61999957729131e-05
syn-29-balanced-008,29,balanced,temporal_removed,0.01865360004012473,2.099998528137803e-05
syn-29-balanced-008,29,balanced,context_removed,0.01865360004012473,2.1899992134422064e-05
syn-29-balanced-009,29,balanced,full,0.014340800000354648,3.330002073198557e-05
syn-29-balanced-009,29,balanced,route_removed,0.014340800000354648,2.3500004317611456e-05
syn-29-balanced-009,29,balanced,temporal_removed,0.014340800000354648,2.0800012862309813e-05
syn-29-balanced-009,29,balanced,context_removed,0.014340800000354648,2.099998528137803e-05
syn-29-balanced-010,29,balanced,full,0.014016199973411858,3.4900003811344504e-05
syn-29-balanced-010,29,balanced,route_removed,0.014016199973411858,2.3200002033263445e-05
syn-29-balanced-010,29,balanced,temporal_removed,0.014016199973411858,1.9799976143985987e-05
syn-29-balanced-010,29,balanced,context_removed,0.014016199973411858,2.0700012100860476e-05
syn-29-balanced-011,29,balanced,full,0.015920199977699667,3.63999861292541e-05
syn-29-balanced-011,29,balanced,route_removed,0.015920199977699667,2.409997978247702e-05
syn-29-balanced-011,29,balanced,temporal_removed,0.015920199977699667,2.1099986042827368e-05
syn-29-balanced-011,29,balanced,context_removed,0.015920199977699667,2.1899992134422064e-05
syn-29-balanced-012,29,balanced,full,0.021914899989496917,3.6500015994533896e-05
syn-29-balanced-012,29,balanced,route_removed,0.021914899989496917,2.4900014977902174e-05
syn-29-balanced-012,29,balanced,temporal_removed,0.021914899989496917,2.1899992134422064e-05
syn-29-balanced-012,29,balanced,context_removed,0.021914899989496917,2.1099986042827368e-05
syn-29-balanced-013,29,balanced,full,0.026709599973401055,6.019999273121357e-05
syn-29-balanced-013,29,balanced,route_removed,0.026709599973401055,4.3400010326877236e-05
syn-29-balanced-013,29,balanced,temporal_removed,0.026709599973401055,3.279998782090843e-05
syn-29-balanced-013,29,balanced,context_removed,0.026709599973401055,3.4900003811344504e-05
syn-29-balanced-014,29,balanced,full,0.018930999969597906,3.709999145939946e-05
syn-29-balanced-014,29,balanced,route_removed,0.018930999969597906,2.4600012693554163e-05
syn-29-balanced-014,29,balanced,temporal_removed,0.018930999969597906,2.139998832717538e-05
syn-29-balanced-014,29,balanced,context_removed,0.018930999969597906,2.1799991372972727e-05
syn-29-balanced-015,29,balanced,full,0.016413000033935532,3.600001218728721e-05
syn-29-balanced-015,29,balanced,route_removed,0.016413000033935532,2.4899985874071717e-05
syn-29-balanced-015,29,balanced,temporal_removed,0.016413000033935532,2.039998071268201e-05
syn-29-balanced-015,29,balanced,context_removed,0.016413000033935532,2.0800012862309813e-05
syn-29-balanced-016,29,balanced,full,0.020172299991827458,5.639999289996922e-05
syn-29-balanced-016,29,balanced,route_removed,0.020172299991827458,5.809997674077749e-05
syn-29-balanced-016,29,balanced,temporal_removed,0.020172299991827458,3.679998917505145e-05
syn-29-balanced-016,29,balanced,context_removed,0.020172299991827458,3.580001066438854e-05
syn-29-balanced-017,29,balanced,full,0.01815700001316145,5.219999002292752e-05
syn-29-balanced-017,29,balanced,route_removed,0.01815700001316145,3.730002208612859e-05
syn-29-balanced-017,29,balanced,temporal_removed,0.01815700001316145,3.169997944496572e-05
syn-29-balanced-017,29,balanced,context_removed,0.01815700001316145,3.440000000409782e-05
syn-29-balanced-018,29,balanced,full,0.021110199973918498,3.7299992982298136e-05
syn-29-balanced-018,29,balanced,route_removed,0.021110199973918498,2.549999044276774e-05
syn-29-balanced-018,29,balanced,temporal_removed,0.021110199973918498,2.030000905506313e-05
syn-29-balanced-018,29,balanced,context_removed,0.021110199973918498,4.4899992644786835e-05
syn-29-balanced-019,29,balanced,full,0.015889200003584847,5.57999883312732e-05
syn-29-balanced-019,29,balanced,route_removed,0.015889200003584847,4.1799998143687844e-05
syn-29-balanced-019,29,balanced,temporal_removed,0.015889200003584847,3.5900011425837874e-05
syn-29-balanced-019,29,balanced,context_removed,0.015889200003584847,3.809999907389283e-05
syn-29-dense-000,29,dense,full,0.028936800023075193,5.150001379661262e-05
syn-29-dense-000,29,dense,route_removed,0.028936800023075193,3.700001980178058e-05
syn-29-dense-000,29,dense,temporal_removed,0.028936800023075193,3.3400021493434906e-05
syn-29-dense-000,29,dense,context_removed,0.028936800023075193,3.509997623041272e-05
syn-29-dense-001,29,dense,full,0.03654699999606237,9.419998968951404e-05
syn-29-dense-001,29,dense,route_removed,0.03654699999606237,7.089998689480126e-05
syn-29-dense-001,29,dense,temporal_removed,0.03654699999606237,6.699998630210757e-05
syn-29-dense-001,29,dense,context_removed,0.03654699999606237,5.299999611452222e-05
syn-29-dense-002,29,dense,full,0.0371943999780342,5.269999383017421e-05
syn-29-dense-002,29,dense,route_removed,0.0371943999780342,3.850000211969018e-05
syn-29-dense-002,29,dense,temporal_removed,0.0371943999780342,3.5200006095692515e-05
syn-29-dense-002,29,dense,context_removed,0.0371943999780342,3.530000685714185e-05
syn-29-dense-003,29,dense,full,0.03109599999152124,8.420000085607171e-05
syn-29-dense-003,29,dense,route_removed,0.03109599999152124,3.959998139180243e-05
syn-29-dense-003,29,dense,temporal_removed,0.03109599999152124,3.399999695830047e-05
syn-29-dense-003,29,dense,context_removed,0.03109599999152124,3.580001066438854e-05
syn-29-dense-004,29,dense,full,0.03281910001533106,5.2700022934004664e-05
syn-29-dense-004,29,dense,route_removed,0.03281910001533106,3.890000516548753e-05
syn-29-dense-004,29,dense,temporal_removed,0.03281910001533106,3.369999467395246e-05
syn-29-dense-004,29,dense,context_removed,0.03281910001533106,3.640001523308456e-05
syn-29-dense-005,29,dense,full,0.03584900000714697,5.360000068321824e-05
syn-29-dense-005,29,dense,route_removed,0.03584900000714697,4.780001472681761e-05
syn-29-dense-005,29,dense,temporal_removed,0.03584900000714697,3.399999695830047e-05
syn-29-dense-005,29,dense,context_removed,0.03584900000714697,3.510000533424318e-05
syn-29-dense-006,29,dense,full,0.048635899991495535,0.0001680999994277954
syn-29-dense-006,29,dense,route_removed,0.048635899991495535,7.109998841769993e-05
syn-29-dense-006,29,dense,temporal_removed,0.048635899991495535,8.910000906325877e-05
syn-29-dense-006,29,dense,context_removed,0.048635899991495535,6.999998004175723e-05
syn-29-dense-007,29,dense,full,0.033511500019812956,6.079999729990959e-05
syn-29-dense-007,29,dense,route_removed,0.033511500019812956,3.889997606165707e-05
syn-29-dense-007,29,dense,temporal_removed,0.033511500019812956,3.440000000409782e-05
syn-29-dense-007,29,dense,context_removed,0.033511500019812956,3.57000099029392e-05
syn-29-dense-008,29,dense,full,0.03928799997083843,9.380001574754715e-05
syn-29-dense-008,29,dense,route_removed,0.03928799997083843,6.459999713115394e-05
syn-29-dense-008,29,dense,temporal_removed,0.03928799997083843,6.33999879937619e-05
syn-29-dense-008,29,dense,context_removed,0.03928799997083843,0.00016580001101829112
syn-29-dense-009,29,dense,full,0.04224310000427067,5.3099996875971556e-05
syn-29-dense-009,29,dense,route_removed,0.04224310000427067,3.860000288113952e-05
syn-29-dense-009,29,dense,temporal_removed,0.04224310000427067,3.540000761859119e-05
syn-29-dense-009,29,dense,context_removed,0.04224310000427067,3.7299992982298136e-05
syn-29-dense-010,29,dense,full,0.04454850000911392,5.4100004490464926e-05
syn-29-dense-010,29,dense,route_removed,0.04454850000911392,3.9399979868903756e-05
syn-29-dense-010,29,dense,temporal_removed,0.04454850000911392,3.409999771974981e-05
syn-29-dense-010,29,dense,context_removed,0.04454850000911392,3.649998689070344e-05
syn-29-dense-011,29,dense,full,0.04824939998798072,6.150000263005495e-05
syn-29-dense-011,29,dense,route_removed,0.04824939998798072,4.069998976774514e-05
syn-29-dense-011,29,dense,temporal_removed,0.04824939998798072,4.959999932907522e-05
syn-29-dense-011,29,dense,context_removed,0.04824939998798072,3.649998689070344e-05
syn-29-dense-012,29,dense,full,0.03147830002126284,5.099998088553548e-05
syn-29-dense-012,29,dense,route_removed,0.03147830002126284,3.759999526664615e-05
syn-29-dense-012,29,dense,temporal_removed,0.03147830002126284,3.409999771974981e-05
syn-29-dense-012,29,dense,context_removed,0.03147830002126284,3.670001751743257e-05
syn-29-dense-013,29,dense,full,0.0327924000157509,5.129998316988349e-05
syn-29-dense-013,29,dense,route_removed,0.0327924000157509,3.809999907389283e-05
syn-29-dense-013,29,dense,temporal_removed,0.0327924000157509,3.290001768618822e-05
syn-29-dense-013,29,dense,context_removed,0.0327924000157509,3.57000099029392e-05
syn-29-dense-014,29,dense,full,0.037928500009002164,5.319999763742089e-05
syn-29-dense-014,29,dense,route_removed,0.037928500009002164,3.8300000596791506e-05
syn-29-dense-014,29,dense,temporal_removed,0.037928500009002164,3.4199998481199145e-05
syn-29-dense-014,29,dense,context_removed,0.037928500009002164,3.649998689070344e-05
syn-29-dense-015,29,dense,full,0.05472339998232201,8.739999611862004e-05
syn-29-dense-015,29,dense,route_removed,0.05472339998232201,7.160002132877707e-05
syn-29-dense-015,29,dense,temporal_removed,0.05472339998232201,5.709999823011458e-05
syn-29-dense-015,29,dense,context_removed,0.05472339998232201,9.610000415705144e-05
syn-29-dense-016,29,dense,full,0.0420851000235416,8.869997691363096e-05
syn-29-dense-016,29,dense,route_removed,0.0420851000235416,6.810002378188074e-05
syn-29-dense-016,29,dense,temporal_removed,0.0420851000235416,6.0699996538460255e-05
syn-29-dense-016,29,dense,context_removed,0.0420851000235416,6.969997775740921e-05
syn-29-dense-017,29,dense,full,0.0419751999725122,5.1499984692782164e-05
syn-29-dense-017,29,dense,route_removed,0.0419751999725122,3.809999907389283e-05
syn-29-dense-017,29,dense,temporal_removed,0.0419751999725122,3.3499993151053786e-05
syn-29-dense-017,29,dense,context_removed,0.0419751999725122,5.4899981478229165e-05
syn-29-dense-018,29,dense,full,0.03587749999132939,5.3499999921768904e-05
syn-29-dense-018,29,dense,route_removed,0.03587749999132939,3.779999678954482e-05
syn-29-dense-018,29,dense,temporal_removed,0.03587749999132939,3.369999467395246e-05
syn-29-dense-018,29,dense,context_removed,0.03587749999132939,3.5699980799108744e-05
syn-29-dense-019,29,dense,full,0.029438700003083795,5.4100004490464926e-05
syn-29-dense-019,29,dense,route_removed,0.029438700003083795,3.7999998312443495e-05
syn-29-dense-019,29,dense,temporal_removed,0.029438700003083795,3.4500000765547156e-05
syn-29-dense-019,29,dense,context_removed,0.029438700003083795,3.600001218728721e-05
syn-47-thin-000,47,thin,full,0.004731099994387478,2.7699978090822697e-05
syn-47-thin-000,47,thin,route_removed,0.004731099994387478,1.960000372491777e-05
syn-47-thin-000,47,thin,temporal_removed,0.004731099994387478,1.6499980119988322e-05
syn-47-thin-000,47,thin,context_removed,0.004731099994387478,1.6499980119988322e-05
syn-47-thin-001,47,thin,full,0.006317099992884323,4.1300023440271616e-05
syn-47-thin-001,47,thin,route_removed,0.006317099992884323,7.129998994059861e-05
syn-47-thin-001,47,thin,temporal_removed,0.006317099992884323,3.029999788850546e-05
syn-47-thin-001,47,thin,context_removed,0.006317099992884323,2.579999272711575e-05
syn-47-thin-002,47,thin,full,0.005191699980059639,2.7600006433203816e-05
syn-47-thin-002,47,thin,route_removed,0.005191699980059639,1.8799997633323073e-05
syn-47-thin-002,47,thin,temporal_removed,0.005191699980059639,1.9400002202019095e-05
syn-47-thin-002,47,thin,context_removed,0.005191699980059639,1.5099998563528061e-05
syn-47-thin-003,47,thin,full,0.0048086999740917236,2.7700007194653153e-05
syn-47-thin-003,47,thin,route_removed,0.0048086999740917236,1.920000067912042e-05
syn-47-thin-003,47,thin,temporal_removed,0.0048086999740917236,1.5199999324977398e-05
syn-47-thin-003,47,thin,context_removed,0.0048086999740917236,1.5099998563528061e-05
syn-47-thin-004,47,thin,full,0.00584929998149164,2.500001573935151e-05
syn-47-thin-004,47,thin,route_removed,0.00584929998149164,1.5600002370774746e-05
syn-47-thin-004,47,thin,temporal_removed,0.00584929998149164,1.2400007108226418e-05
syn-47-thin-004,47,thin,context_removed,0.00584929998149164,1.1399999493733048e-05
syn-47-thin-005,47,thin,full,0.004567199997836724,1.550000160932541e-05
syn-47-thin-005,47,thin,route_removed,0.004567199997836724,1.1299998732283711e-05
syn-47-thin-005,47,thin,temporal_removed,0.004567199997836724,9.299983503296971e-06
syn-47-thin-005,47,thin,context_removed,0.004567199997836724,8.700008038431406e-06
syn-47-thin-006,47,thin,full,0.005078199959825724,1.6600009985268116e-05
syn-47-thin-006,47,thin,route_removed,0.005078199959825724,1.0400020983070135e-05
syn-47-thin-006,47,thin,temporal_removed,0.005078199959825724,6.799993570894003e-06
syn-47-thin-006,47,thin,context_removed,0.005078199959825724,5.89998671784997e-06
syn-47-thin-007,47,thin,full,0.00502559999586083,1.4699995517730713e-05
syn-47-thin-007,47,thin,route_removed,0.00502559999586083,8.99998121894896e-06
syn-47-thin-007,47,thin,temporal_removed,0.00502559999586083,6.900023436173797e-06
syn-47-thin-007,47,thin,context_removed,0.00502559999586083,6.80002267472446e-06
syn-47-thin-008,47,thin,full,0.004733199981274083,1.0299991117790341e-05
syn-47-thin-008,47,thin,route_removed,0.004733199981274083,7.800001185387373e-06
syn-47-thin-008,47,thin,temporal_removed,0.004733199981274083,5.700014298781753e-06
syn-47-thin-008,47,thin,context_removed,0.004733199981274083,5.499983672052622e-06
syn-47-thin-009,47,thin,full,0.006583300011698157,2.449998282827437e-05
syn-47-thin-009,47,thin,route_removed,0.006583300011698157,1.650000922381878e-05
syn-47-thin-009,47,thin,temporal_removed,0.006583300011698157,1.2800010154023767e-05
syn-47-thin-009,47,thin,context_removed,0.006583300011698157,1.0600022505968809e-05
syn-47-thin-010,47,thin,full,0.008584800001699477,3.4900003811344504e-05
syn-47-thin-010,47,thin,route_removed,0.008584800001699477,2.8000009479001164e-05
syn-47-thin-010,47,thin,temporal_removed,0.008584800001699477,1.3900018529966474e-05
syn-47-thin-010,47,thin,context_removed,0.008584800001699477,1.2100004823878407e-05
syn-47-thin-011,47,thin,full,0.012450400012312457,2.9300019377842546e-05
syn-47-thin-011,47,thin,route_removed,0.012450400012312457,1.8700025975704193e-05
syn-47-thin-011,47,thin,temporal_removed,0.012450400012312457,1.5099998563528061e-05
syn-47-thin-011,47,thin,context_removed,0.012450400012312457,1.4499993994832039e-05
syn-47-thin-012,47,thin,full,0.005762400018284097,3.630001447163522e-05
syn-47-thin-012,47,thin,route_removed,0.005762400018284097,2.719997428357601e-05
syn-47-thin-012,47,thin,temporal_removed,0.005762400018284097,2.2599997464567423e-05
syn-47-thin-012,47,thin,context_removed,0.005762400018284097,2.3500004317611456e-05
syn-47-thin-013,47,thin,full,0.007899699994595721,4.05999890062958e-05
syn-47-thin-013,47,thin,route_removed,0.007899699994595721,0.00017499999376013875
syn-47-thin-013,47,thin,temporal_removed,0.007899699994595721,3.580001066438854e-05
syn-47-thin-013,47,thin,context_removed,0.007899699994595721,2.5800021830946207e-05
syn-47-thin-014,47,thin,full,0.005675299995345995,2.9099988751113415e-05
syn-47-thin-014,47,thin,route_removed,0.005675299995345995,2.0000006770715117e-05
syn-47-thin-014,47,thin,temporal_removed,0.005675299995345995,1.6700010746717453e-05
syn-47-thin-014,47,thin,context_removed,0.005675299995345995,1.6700010746717453e-05
syn-47-thin-015,47,thin,full,0.004556200001388788,2.030000905506313e-05
syn-47-thin-015,47,thin,route_removed,0.004556200001388788,2.61999957729131e-05
syn-47-thin-015,47,thin,temporal_removed,0.004556200001388788,1.4399993233382702e-05
syn-47-thin-015,47,thin,context_removed,0.004556200001388788,1.3300013961270452e-05
syn-47-thin-016,47,thin,full,0.005044399993494153,2.6599998818710446e-05
syn-47-thin-016,47,thin,route_removed,0.005044399993494153,1.5900004655122757e-05
syn-47-thin-016,47,thin,temporal_removed,0.005044399993494153,1.1500000255182385e-05
syn-47-thin-016,47,thin,context_removed,0.005044399993494153,1.1600001016631722e-05
syn-47-thin-017,47,thin,full,0.00684649997856468,2.3100001271814108e-05
syn-47-thin-017,47,thin,route_removed,0.00684649997856468,1.5099998563528061e-05
syn-47-thin-017,47,thin,temporal_removed,0.00684649997856468,1.0299991117790341e-05
syn-47-thin-017,47,thin,context_removed,0.00684649997856468,1.0100018698722124e-05
syn-47-thin-018,47,thin,full,0.0045748999691568315,1.1600001016631722e-05
syn-47-thin-018,47,thin,route_removed,0.0045748999691568315,8.200004231184721e-06
syn-47-thin-018,47,thin,temporal_removed,0.0045748999691568315,6.100017344579101e-06
syn-47-thin-018,47,thin,context_removed,0.0045748999691568315,5.80001506023109e-06
syn-47-thin-019,47,thin,full,0.005073399981483817,1.6200006939470768e-05
syn-47-thin-019,47,thin,route_removed,0.005073399981483817,1.3200013199821115e-05
syn-47-thin-019,47,thin,temporal_removed,0.005073399981483817,8.90000956133008e-06
syn-47-thin-019,47,thin,context_removed,0.005073399981483817,5.799985956400633e-06
syn-47-balanced-000,47,balanced,full,0.018857399991247803,5.189998773857951e-05
syn-47-balanced-000,47,balanced,route_removed,0.018857399991247803,2.479998511262238e-05
syn-47-balanced-000,47,balanced,temporal_removed,0.018857399991247803,1.6600009985268116e-05
syn-47-balanced-000,47,balanced,context_removed,0.018857399991247803,6.580000626854599e-05
syn-47-balanced-001,47,balanced,full,0.016074800019850954,6.260001100599766e-05
syn-47-balanced-001,47,balanced,route_removed,0.016074800019850954,6.409999332390726e-05
syn-47-balanced-001,47,balanced,temporal_removed,0.016074800019850954,3.470000228844583e-05
syn-47-balanced-001,47,balanced,context_removed,0.016074800019850954,2.2799998987466097e-05
syn-47-balanced-002,47,balanced,full,0.015582899999571964,3.749999450519681e-05
syn-47-balanced-002,47,balanced,route_removed,0.015582899999571964,2.5699991965666413e-05
syn-47-balanced-002,47,balanced,temporal_removed,0.015582899999571964,2.060001133941114e-05
syn-47-balanced-002,47,balanced,context_removed,0.015582899999571964,2.0700012100860476e-05
syn-47-balanced-003,47,balanced,full,0.01937769996584393,5.5599986808374524e-05
syn-47-balanced-003,47,balanced,route_removed,0.01937769996584393,2.4899985874071717e-05
syn-47-balanced-003,47,balanced,temporal_removed,0.01937769996584393,2.0700012100860476e-05
syn-47-balanced-003,47,balanced,context_removed,0.01937769996584393,2.099998528137803e-05
syn-47-balanced-004,47,balanced,full,0.024075399967841804,6.010002107359469e-05
syn-47-balanced-004,47,balanced,route_removed,0.024075399967841804,3.959998139180243e-05
syn-47-balanced-004,47,balanced,temporal_removed,0.024075399967841804,3.4199998481199145e-05
syn-47-balanced-004,47,balanced,context_removed,0.024075399967841804,3.579998156055808e-05
syn-47-balanced-005,47,balanced,full,0.017109899985371158,3.630001447163522e-05
syn-47-balanced-005,47,balanced,route_removed,0.017109899985371158,2.5199988158419728e-05
syn-47-balanced-005,47,balanced,temporal_removed,0.017109899985371158,2.1499989088624716e-05
syn-47-balanced-005,47,balanced,context_removed,0.017109899985371158,2.139998832717538e-05
syn-47-balanced-006,47,balanced,full,0.014262100012274459,3.610001294873655e-05
syn-47-balanced-006,47,balanced,route_removed,0.014262100012274459,2.500001573935151e-05
syn-47-balanced-006,47,balanced,temporal_removed,0.014262100012274459,2.169999061152339e-05
syn-47-balanced-006,47,balanced,context_removed,0.014262100012274459,2.1099986042827368e-05
syn-47-balanced-007,47,balanced,full,0.016122000000905246,3.7200021324679255e-05
syn-47-balanced-007,47,balanced,route_removed,0.016122000000905246,2.5300018023699522e-05
syn-47-balanced-007,47,balanced,temporal_removed,0.016122000000905246,2.2799998987466097e-05
syn-47-balanced-007,47,balanced,context_removed,0.016122000000905246,2.1499989088624716e-05
syn-47-balanced-008,47,balanced,full,0.016464400017866865,7.490001735277474e-05
syn-47-balanced-008,47,balanced,route_removed,0.016464400017866865,3.7699996028095484e-05
syn-47-balanced-008,47,balanced,temporal_removed,0.016464400017866865,3.060000017285347e-05
syn-47-balanced-008,47,balanced,context_removed,0.016464400017866865,3.63999861292541e-05
syn-47-balanced-009,47,balanced,full,0.014868799975374714,3.500000457279384e-05
syn-47-balanced-009,47,balanced,route_removed,0.014868799975374714,2.4300010409206152e-05
syn-47-balanced-009,47,balanced,temporal_removed,0.014868799975374714,2.0299979951232672e-05
syn-47-balanced-009,47,balanced,context_removed,0.014868799975374714,2.1800020476803184e-05
syn-47-balanced-010,47,balanced,full,0.01726679998682812,3.789999755099416e-05
syn-47-balanced-010,47,balanced,route_removed,0.01726679998682812,2.440001117065549e-05
syn-47-balanced-010,47,balanced,temporal_removed,0.01726679998682812,2.039998071268201e-05
syn-47-balanced-010,47,balanced,context_removed,0.01726679998682812,3.4500000765547156e-05
syn-47-balanced-011,47,balanced,full,0.015566799964290112,3.6699988413602114e-05
syn-47-balanced-011,47,balanced,route_removed,0.015566799964290112,2.4600012693554163e-05
syn-47-balanced-011,47,balanced,temporal_removed,0.015566799964290112,2.1800020476803184e-05
syn-47-balanced-011,47,balanced,context_removed,0.015566799964290112,2.1000014385208488e-05
syn-47-balanced-012,47,balanced,full,0.016295400011586025,3.589998232200742e-05
syn-47-balanced-012,47,balanced,route_removed,0.016295400011586025,2.7300004148855805e-05
syn-47-balanced-012,47,balanced,temporal_removed,0.016295400011586025,2.1000014385208488e-05
syn-47-balanced-012,47,balanced,context_removed,0.016295400011586025,2.19999928958714e-05
syn-47-balanced-013,47,balanced,full,0.019909200025722384,4.889999399892986e-05
syn-47-balanced-013,47,balanced,route_removed,0.019909200025722384,2.5300018023699522e-05
syn-47-balanced-013,47,balanced,temporal_removed,0.019909200025722384,2.0400009816512465e-05
syn-47-balanced-013,47,balanced,context_removed,0.019909200025722384,2.0599982235580683e-05
syn-47-balanced-014,47,balanced,full,0.01496719996794127,3.739999374374747e-05
syn-47-balanced-014,47,balanced,route_removed,0.01496719996794127,2.500001573935151e-05
syn-47-balanced-014,47,balanced,temporal_removed,0.01496719996794127,1.9599974621087313e-05
syn-47-balanced-014,47,balanced,context_removed,0.01496719996794127,2.0800012862309813e-05
syn-47-balanced-015,47,balanced,full,0.015501300018513575,3.7299992982298136e-05
syn-47-balanced-015,47,balanced,route_removed,0.015501300018513575,2.549999044276774e-05
syn-47-balanced-015,47,balanced,temporal_removed,0.015501300018513575,2.0700012100860476e-05
syn-47-balanced-015,47,balanced,context_removed,0.015501300018513575,2.1100015146657825e-05
syn-47-balanced-016,47,balanced,full,0.018161799962399527,0.0002550999925006181
syn-47-balanced-016,47,balanced,route_removed,0.018161799962399527,4.220000118948519e-05
syn-47-balanced-016,47,balanced,temporal_removed,0.018161799962399527,2.780000795610249e-05
syn-47-balanced-016,47,balanced,context_removed,0.018161799962399527,2.710000262595713e-05
syn-47-balanced-017,47,balanced,full,0.018699100037338212,3.710002056322992e-05
syn-47-balanced-017,47,balanced,route_removed,0.018699100037338212,3.3899996196851134e-05
syn-47-balanced-017,47,balanced,temporal_removed,0.018699100037338212,2.370000584051013e-05
syn-47-balanced-017,47,balanced,context_removed,0.018699100037338212,2.1499989088624716e-05
syn-47-balanced-018,47,balanced,full,0.014128000009804964,3.399999695830047e-05
syn-47-balanced-018,47,balanced,route_removed,0.014128000009804964,2.3300002794712782e-05
syn-47-balanced-018,47,balanced,temporal_removed,0.014128000009804964,2.0000006770715117e-05
syn-47-balanced-018,47,balanced,context_removed,0.014128000009804964,2.0499981474131346e-05
syn-47-balanced-019,47,balanced,full,0.0167760000040289,3.7699996028095484e-05
syn-47-balanced-019,47,balanced,route_removed,0.0167760000040289,2.7400004910305142e-05
syn-47-balanced-019,47,balanced,temporal_removed,0.0167760000040289,2.0499981474131346e-05
syn-47-balanced-019,47,balanced,context_removed,0.0167760000040289,2.1599989850074053e-05
syn-47-dense-000,47,dense,full,0.029539900046074763,5.220001912675798e-05
syn-47-dense-000,47,dense,route_removed,0.029539900046074763,3.809999907389283e-05
syn-47-dense-000,47,dense,temporal_removed,0.029539900046074763,3.440000000409782e-05
syn-47-dense-000,47,dense,context_removed,0.029539900046074763,3.619998460635543e-05
syn-47-dense-001,47,dense,full,0.03294760003336705,6.72000169288367e-05
syn-47-dense-001,47,dense,route_removed,0.03294760003336705,8.299999171867967e-05
syn-47-dense-001,47,dense,temporal_removed,0.03294760003336705,5.6199991377070546e-05
syn-47-dense-001,47,dense,context_removed,0.03294760003336705,6.049999501556158e-05
syn-47-dense-002,47,dense,full,0.029663799999980256,5.289999535307288e-05
syn-47-dense-002,47,dense,route_removed,0.029663799999980256,3.749999450519681e-05
syn-47-dense-002,47,dense,temporal_removed,0.029663799999980256,3.500000457279384e-05
syn-47-dense-002,47,dense,context_removed,0.029663799999980256,3.5999983083456755e-05
syn-47-dense-003,47,dense,full,0.03031060000648722,5.4100004490464926e-05
syn-47-dense-003,47,dense,route_removed,0.03031060000648722,4.6200002543628216e-05
syn-47-dense-003,47,dense,temporal_removed,0.03031060000648722,3.320001997053623e-05
syn-47-dense-003,47,dense,context_removed,0.03031060000648722,3.679998917505145e-05
syn-47-dense-004,47,dense,full,0.03857699999934994,5.709999823011458e-05
syn-47-dense-004,47,dense,route_removed,0.03857699999934994,3.7999998312443495e-05
syn-47-dense-004,47,dense,temporal_removed,0.03857699999934994,3.3899996196851134e-05
syn-47-dense-004,47,dense,context_removed,0.03857699999934994,3.589998232200742e-05
syn-47-dense-005,47,dense,full,0.05282370001077652,0.00011970000923611224
syn-47-dense-005,47,dense,route_removed,0.05282370001077652,6.630001007579267e-05
syn-47-dense-005,47,dense,temporal_removed,0.05282370001077652,5.530001362785697e-05
syn-47-dense-005,47,dense,context_removed,0.05282370001077652,5.91999851167202e-05
syn-47-dense-006,47,dense,full,0.057224700023652986,9.800001862458885e-05
syn-47-dense-006,47,dense,route_removed,0.057224700023652986,7.530002039857209e-05
syn-47-dense-006,47,dense,temporal_removed,0.057224700023652986,6.709998706355691e-05
syn-47-dense-006,47,dense,context_removed,0.057224700023652986,6.78999931551516e-05
syn-47-dense-007,47,dense,full,0.04682590000447817,7.989999721758068e-05
syn-47-dense-007,47,dense,route_removed,0.04682590000447817,6.19000056758523e-05
syn-47-dense-007,47,dense,temporal_removed,0.04682590000447817,5.530001362785697e-05
syn-47-dense-007,47,dense,context_removed,0.04682590000447817,6.089999806135893e-05
syn-47-dense-008,47,dense,full,0.04682000001776032,7.709997589699924e-05
syn-47-dense-008,47,dense,route_removed,0.04682000001776032,3.860000288113952e-05
syn-47-dense-008,47,dense,temporal_removed,0.04682000001776032,3.409999771974981e-05
syn-47-dense-008,47,dense,context_removed,0.04682000001776032,3.540000761859119e-05
syn-47-dense-009,47,dense,full,0.0399469000112731,5.259999306872487e-05
syn-47-dense-009,47,dense,route_removed,0.0399469000112731,3.819999983534217e-05
syn-47-dense-009,47,dense,temporal_removed,0.0399469000112731,3.359999391250312e-05
syn-47-dense-009,47,dense,context_removed,0.0399469000112731,3.63999861292541e-05
syn-47-dense-010,47,dense,full,0.0318875000521075,0.00012579999747686088
syn-47-dense-010,47,dense,route_removed,0.0318875000521075,6.10999995842576e-05
syn-47-dense-010,47,dense,temporal_removed,0.0318875000521075,5.140001303516328e-05
syn-47-dense-010,47,dense,context_removed,0.0318875000521075,5.269999383017421e-05
syn-47-dense-011,47,dense,full,0.03301620000274852,5.6899996707215905e-05
syn-47-dense-011,47,dense,route_removed,0.03301620000274852,3.860000288113952e-05
syn-47-dense-011,47,dense,temporal_removed,0.03301620000274852,3.4199998481199145e-05
syn-47-dense-011,47,dense,context_removed,0.03301620000274852,3.57000099029392e-05
syn-47-dense-012,47,dense,full,0.031938200001604855,5.360000068321824e-05
syn-47-dense-012,47,dense,route_removed,0.031938200001604855,3.890000516548753e-05
syn-47-dense-012,47,dense,temporal_removed,0.031938200001604855,3.4900003811344504e-05
syn-47-dense-012,47,dense,context_removed,0.031938200001604855,3.5299977753311396e-05
syn-47-dense-013,47,dense,full,0.030471600010059774,8.229998638853431e-05
syn-47-dense-013,47,dense,route_removed,0.030471600010059774,6.880000000819564e-05
syn-47-dense-013,47,dense,temporal_removed,0.030471600010059774,5.699999746866524e-05
syn-47-dense-013,47,dense,context_removed,0.030471600010059774,6.489999941550195e-05
syn-47-dense-014,47,dense,full,0.03181450002011843,5.570001667365432e-05
syn-47-dense-014,47,dense,route_removed,0.03181450002011843,3.920000744983554e-05
syn-47-dense-014,47,dense,temporal_removed,0.03181450002011843,3.429999924264848e-05
syn-47-dense-014,47,dense,context_removed,0.03181450002011843,3.700001980178058e-05
syn-47-dense-015,47,dense,full,0.030034199968213215,5.15999854542315e-05
syn-47-dense-015,47,dense,route_removed,0.030034199968213215,3.8300000596791506e-05
syn-47-dense-015,47,dense,temporal_removed,0.030034199968213215,5.400000372901559e-05
syn-47-dense-015,47,dense,context_removed,0.030034199968213215,5.289999535307288e-05
syn-47-dense-016,47,dense,full,0.030560200015315786,5.139998393133283e-05
syn-47-dense-016,47,dense,route_removed,0.030560200015315786,3.920000744983554e-05
syn-47-dense-016,47,dense,temporal_removed,0.030560200015315786,3.4100026823580265e-05
syn-47-dense-016,47,dense,context_removed,0.030560200015315786,3.6500015994533896e-05
syn-47-dense-017,47,dense,full,0.030736999993678182,5.289999535307288e-05
syn-47-dense-017,47,dense,route_removed,0.030736999993678182,3.809999907389283e-05
syn-47-dense-017,47,dense,temporal_removed,0.030736999993678182,3.460000152699649e-05
syn-47-dense-017,47,dense,context_removed,0.030736999993678182,3.480000304989517e-05
syn-47-dense-018,47,dense,full,0.03437470001517795,8.699999307282269e-05
syn-47-dense-018,47,dense,route_removed,0.03437470001517795,6.670001312159002e-05
syn-47-dense-018,47,dense,temporal_removed,0.03437470001517795,6.050002411939204e-05
syn-47-dense-018,47,dense,context_removed,0.03437470001517795,6.600000779144466e-05
syn-47-dense-019,47,dense,full,0.03125449997605756,5.229999078437686e-05
syn-47-dense-019,47,dense,route_removed,0.03125449997605756,3.779999678954482e-05
syn-47-dense-019,47,dense,temporal_removed,0.03125449997605756,3.37999954354018e-05
syn-47-dense-019,47,dense,context_removed,0.03125449997605756,3.5200006095692515e-05
