experiment_id,title,evidence_class,benchmark_scope,primary_methods,key_metric,hypotheses_supported
001_baseline,Baseline Matching & Filtering Comparisons,Controlled synthetic equatorial benchmark,1-to-1 synthetic corridor queries,Unranked baseline; Spatial-only filtering; Rule-based filtering,spatial_precision_at_3=0.3889; rule_based_precision_at_3=0.4222,H1_rules_improve_precision
002_ablation,Leave-One-Rule-Out Feasibility Ablation,Controlled synthetic equatorial benchmark,1-to-N journey retrieval with single-rule removals,Full feasibility matrix; Direction-ablated; Proximity-ablated; Detour-ablated,full_precision_at_3=0.4222; direction_leakage_rate=0.35,H_ablation_quantifies_rule_necessity
003_robustness,Correlated Spatial and Temporal Noise Robustness,Controlled synthetic noise perturbation,Spatial jitter (100m) and departure delta (5min),Control baseline; Endpoint jitter; Route jitter; Temporal jitter; Availability drop,control_ndcg_at_3=0.5258; jitter_100m_ndcg_at_3=0.5338,H_graceful_spatial_degradation
004_heldout,Cross-Corridor Held-Out Generalization,Controlled cross-density held-out benchmark,Thin vs balanced vs dense corridor distributions,Seeded random; Nearest neighbor; Distance-to-destination; Route-time heuristic,balanced_nn_precision_at_3=0.4778; thin_route_time_precision_at_3=0.1722,H_heuristic_generalization
005_classical_ml,Supervised Ranking via Classical Machine Learning,Supervised tabular classification,Feature engineering and logistic regression ranking,Rule heuristic; Logistic regression ranker; Distance heuristic,ml_precision_at_3=0.7833; ml_ndcg_at_3=0.7969,H_supervised_feature_utility
006_road_network,Empirical Street-Level Circuity Factor Benchmark,Directed Manhattan grid benchmark,4x4 urban grid (30 OD pairs),Euclidean straight-line; Directed grid Dijkstra routing,mean_circuity_factor=1.341; max_circuity_factor=3.075,H_circuity_divergence
007_assignment_scaling,Multi-Rider Batch Assignment Optimality & Scaling,Controlled synthetic bipartite matching benchmark,5x3 to 40x20 matching cohorts,Greedy Priority Assignment; Auction-Swap Local Search; Exact Branch-and-Bound,micro_5x3_optimality_gap_pct=0.0; small_10x5_optimality_gap_pct=10.42,H3_heuristic_efficiency_frontier
008_road_network_validation,Realistic Road-Network Matching Validation,OSM-derived realistic road network benchmark,Downtown SF network (26 nodes, 53 edges, 45 candidate pairs),Euclidean gating; Network-aware Dijkstra routing,geometric_candidates_count=45; network_eligible_count=12,H_euclidean_gating_flawed
009_hybrid_pruning,Hybrid Two-Tier Candidate Pruning & Admissible Bounds,OSM-derived realistic road network benchmark,Two-tier geometric bounding before Dijkstra search,No pruning; Fixed Euclidean; Circuity-aware heuristic; Admissible lower bound,admissible_pruned_pct=81.8; admissible_speedup=5.49,H_admissible_pruning_zero_loss
010_dynamic_congestion,Dynamic Congestion Curves & Peak-Hour Robustness,OSM road network with BPR congestion curves,Free-flow vs mild vs moderate vs severe congestion across departure offsets,Time-dependent BPR router; Static free-flow routing,free_flow_mean_time_s=45.0; severe_congestion_mean_time_s=170.9,H2_congestion_reduces_feasibility
011_multi_rider_pooling,Multi-Rider Capacity Pooling under Dynamic Congestion,Capacity-pooled tour optimization on road network,Vehicle capacities C=1..4 under dynamic BPR traffic,Greedy Insertion; Exact Permutation Tour Solver; Dynamic Stop Precedence Verifier,capacity_1_matched_pct=40.0; capacity_2_matched_pct=68.0,H1_multi_rider_pooling_gain
012_dynamic_recourse,Dynamic Curbside Dwell, Incidents & Online Recourse,Dynamic road network with incidents and stochastic dwell,6 operating conditions across mild/moderate/severe disruptions and 3 seeds,Static Unadapted Execution; Online Graph Recourse Router; Clairvoyant Offline Oracle,unadapted_static_feasibility_pct=60.0; recourse_adapted_feasibility_pct=100.0,H_recourse_restores_feasibility
013_rolling_dispatch,Fleet-Wide Rolling-Horizon Dispatch Simulation,Discrete-event fleet simulation on OSM road graph,Low, Balanced, and High demand regimes across 3 dispatch policies,Static Batch (60s); Periodic Rolling (30s); Event-Driven Rolling,balanced_static_vkt_km=127.78; balanced_event_vkt_km=50.45,H_event_driven_dispatch_superiority
