scenario,condition,provider,queries,seed_count,precision_at_k_mean,excluded_denominator_precision_at_k,recall_at_k_mean,excluded_denominator_recall_at_k,ndcg_at_k_mean,excluded_denominator_ndcg_at_k,eligible_coverage_original_mean,excluded_denominator_eligible_coverage_original,eligible_coverage_available_mean,excluded_denominator_eligible_coverage_available,retrieval_recall_available_mean,excluded_denominator_retrieval_recall_available,eligible_retention_vs_control_mean,excluded_denominator_eligible_retention_vs_control,newly_eligible_mean,excluded_denominator_newly_eligible,top3_overlap_vs_control_mean,excluded_denominator_top3_overlap_vs_control,relevant_lost_availability_mean,excluded_denominator_relevant_lost_availability,relevant_lost_hard_filter_mean,excluded_denominator_relevant_lost_hard_filter
thin,control,full,60,3,0.22777777777777777,0,0.6138211382113822,19,0.5305744642296635,19,0.525,0,0.525,0,1.0,0,1.0,15,0.0,0,0.9,15,0.0,0,0.43333333333333335,0
thin,endpoints_100m,full,60,3,0.22777777777777777,0,0.6138211382113822,19,0.5337678728533576,19,0.525,0,0.525,0,1.0,0,1.0,15,0.0,0,0.9,15,0.0,0,0.43333333333333335,0
thin,route_100m,full,60,3,0.23333333333333334,0,0.6382113821138211,19,0.542769586180883,19,0.525,0,0.525,0,1.0,0,1.0,15,0.0,0,0.9,15,0.0,0,0.43333333333333335,0
thin,departure_5min,full,60,3,0.22777777777777777,0,0.6138211382113822,19,0.5337678728533576,19,0.525,0,0.525,0,1.0,0,1.0,15,0.0,0,0.9,15,0.0,0,0.43333333333333335,0
thin,availability_25pct,full,60,3,0.18333333333333332,0,0.4959349593495935,19,0.4386243575789463,19,0.375,0,0.5277777777777778,0,1.0,0,0.7240740740740741,15,0.0,0,0.7018518518518518,15,0.25,0,0.35,0
balanced,control,full,60,3,0.4222222222222222,0,0.36037735849056607,7,0.5257853437485691,7,0.5,0,0.5,0,1.0,0,1.0,0,0.0,0,0.5,0,0.0,0,1.45,0
balanced,endpoints_100m,full,60,3,0.4222222222222222,0,0.36037735849056607,7,0.5209303252707175,7,0.5,0,0.5,0,1.0,0,1.0,0,0.0,0,0.5,0,0.0,0,1.45,0
balanced,route_100m,full,60,3,0.4166666666666667,0,0.3556603773584906,7,0.5111267319656103,7,0.5,0,0.5,0,1.0,0,1.0,0,0.0,0,0.5,0,0.0,0,1.45,0
balanced,departure_5min,full,60,3,0.4222222222222222,0,0.3619496855345912,7,0.5219321662230575,7,0.5,0,0.5,0,1.0,0,1.0,0,0.0,0,0.5,0,0.0,0,1.45,0
balanced,availability_25pct,full,60,3,0.40555555555555556,0,0.3182165318957772,7,0.499222396992564,7,0.3875,0,0.5055224867724868,0,1.0,0,0.775,0,0.0,0,0.4972222222222222,0,0.7833333333333333,0,1.0833333333333333,0
dense,control,full,60,3,0.5333333333333333,0,0.23340684472759946,7,0.6154877929595511,7,0.5,0,0.5,0,1.0,0,1.0,0,0.0,0,0.25,0,0.0,0,2.6166666666666667,0
dense,endpoints_100m,full,60,3,0.5444444444444444,0,0.24049661030793104,7,0.6243421085448861,7,0.5,0,0.5,0,1.0,0,1.0,0,0.0,0,0.25,0,0.0,0,2.6166666666666667,0
dense,route_100m,full,60,3,0.5222222222222223,0,0.22854692477333988,7,0.6110606351668837,7,0.5,0,0.5,0,1.0,0,1.0,0,0.0,0,0.25,0,0.0,0,2.6166666666666667,0
dense,departure_5min,full,60,3,0.538888888888889,0,0.23529363718042962,7,0.6133792218821472,7,0.5,0,0.5,0,1.0,0,1.0,0,0.0,0,0.25,0,0.0,0,2.6166666666666667,0
dense,availability_25pct,full,60,3,0.4611111111111111,0,0.20497657478789555,7,0.5525462468331942,7,0.38055555555555554,0,0.4949073159936836,0,1.0,0,0.7611111111111111,0,0.0,0,0.25,0,1.8,0,2.1,0
